Num,District,State,Population,Growth Rate,Sex-Ratio,Literacy,Population_current_estimated,Population_current,Population_current_log,Population_log
1,thane,maharashtra,11060148,1.205545422,886,84.53,239590362.5,75516886.69,18.13986685,16.21885894
2,north twenty four parganas,west bengal,10009781,1.20278187,955,84.06,31200070.64,62140646.68,17.94491087,16.11907327
3,bangalore,karnataka,9621551,1.206833236,916,87.67,458915865.4,68644502.82,18.04445161,16.07951604
4,pune,maharashtra,9429408,1.204895175,915,86.15,133739927.3,62963808.15,17.95807065,16.05934387
5,mumbai suburban,maharashtra,9356962,1.202349524,860,89.91,20750014.42,57222987.48,17.86246625,16.05163122
6,south twenty four parganas,west bengal,8161961,1.20348861,956,77.51,43337800.95,51923918.51,17.7652901,15.91499502
7,barddhaman,west bengal,7717563,1.202768034,945,76.21,23798917.21,47887601.78,17.68436719,15.8590092
8,ahmadabad,gujarat,7214225,1.204164222,904,85.31,62152287.89,46976771.19,17.66516381,15.79156533
9,murshidabad,west bengal,7103807,1.203825263,958,66.59,48147522.6,45720519.56,17.63805776,15.7761414
10,jaipur,rajasthan,6626178,1.204413253,910,75.51,67844165.01,43518993.06,17.58870802,15.70653873
11,nashik,maharashtra,6107187,1.203964767,934,82.31,45719954.39,39495741.67,17.49170342,15.62497683
12,surat,gujarat,6081322,1.206263692,787,85.53,206165236.1,42553539.43,17.56627359,15.62073266
13,allahabad,uttar pradesh,5954391,1.203772229,901,72.32,38849964.63,38252762.52,17.45972634,15.59963949
14,paschim medinipur,west bengal,5913457,1.202991701,966,78,21654753.17,36978558.88,17.42584881,15.59274116
15,patna,bihar,5838465,1.204129635,897,70.68,49096305.24,37972993.37,17.45238576,15.57997848
16,hugli,west bengal,5519145,1.202484416,961,81.8,13627815.4,33911090.9,17.33925268,15.52373351
17,rangareddy,andhra pradesh,5296741,1.206946222,961,75.87,269971817.8,37934792.71,17.45137926,15.48260228
18,nadia,west bengal,5167600,1.202802622,947,74.97,16367846.11,32103507.81,17.28447586,15.45791892
19,east godavari,andhra pradesh,5154296,1.20198866,1006,70.99,8524621.987,31128368.61,17.25363014,15.4553411
20,purbi champaran,bihar,5099371,1.2047868,902,55.79,67276923.21,33924036.47,17.33963436,15.44462776
21,purba medinipur,west bengal,5095875,1.203164639,938,87.02,21270183.67,32057314.23,17.28303593,15.44394195
22,guntur,andhra pradesh,4887813,1.202485569,1003,67.4,12079967.42,30033221.6,17.21781471,15.40225552
23,haora,west bengal,4850029,1.202950196,939,83.31,17206912.52,30285070.95,17.22616544,15.39449524
24,muzaffarpur,bihar,4801062,1.204638073,900,63.43,57303943.63,31776763.45,17.27424587,15.3843477
25,belgaum,karnataka,4779661,1.20293982,973,73.48,16823277.15,29834946.69,17.21119097,15.37988018
26,moradabad,uttar pradesh,4772006,1.20430142,906,56.77,45231186.01,31220919.81,17.25659893,15.37827732
27,ghaziabad,uttar pradesh,4681645,1.206267151,881,78.07,159049311.7,32763281.07,17.30481897,15.3591601
28,nagpur,maharashtra,4653570,1.203053959,951,88.39,17866788.47,29162917.93,17.18840853,15.35314522
29,chennai,tamil nadu,4646732,1.202198491,989,90.18,9123753.87,28268580.99,17.15726153,15.35167473
30,azamgarh,uttar pradesh,4613913,1.203366401,1019,70.93,22387686.2,29228612,17.19065865,15.34458686
31,lucknow,uttar pradesh,4589838,1.204370595,917,77.29,45634591.34,30100644.83,17.22005715,15.33935529
32,kanpur nagar,uttar pradesh,4581268,1.20253745,862,79.65,11796492.49,28200389.27,17.15484634,15.33748637
33,ahmadnagar,maharashtra,4543159,1.202827986,939,79.05,14674601.14,28249015.9,17.15656918,15.32913314
34,krishna,andhra pradesh,4517398,1.202301101,992,73.74,9635963.418,27579947.56,17.13259953,15.32344672
35,kolkata,west bengal,4496694,1.201201214,908,86.31,3799738.65,26421523.04,17.0896895,15.31885302
36,jaunpur,uttar pradesh,4494204,1.203110452,1024,71.55,18008397.83,28219334.51,17.15551792,15.31829912
37,madhubani,bihar,4487379,1.204334855,926,58.62,43528735.08,29392541.64,17.19625151,15.31677935
38,sitapur,uttar pradesh,4483992,1.204146929,888,61.12,38166013.18,29180965.43,17.18902719,15.31602428
39,bareilly,uttar pradesh,4448359,1.204037401,887,58.49,35057314.56,28840051.09,17.17727564,15.30804582
40,gorakhpur,uttar pradesh,4440895,1.203447105,950,70.83,22871363.95,28211140.83,17.15522752,15.30636649
41,agra,uttar pradesh,4418797,1.203935944,868,71.58,32410213.21,28548388.42,17.16711104,15.30137805
42,gaya,bihar,4391418,1.204440924,937,63.67,45825388.66,28869138.97,17.17828373,15.29516274
43,solapur,maharashtra,4317756,1.202795705,938,77.02,13603106.64,26817455.17,17.10456355,15.27824638
44,visakhapatnam,andhra pradesh,4290589,1.202772646,1006,66.91,13278402.01,26627429.93,17.09745244,15.27193458
45,samastipur,bihar,4261566,1.204337161,911,61.86,41404210.43,27915670.75,17.14469876,15.26514726
46,jalgaon,maharashtra,4229917,1.203106993,925,78.2,16905186.45,26556683.79,17.09479202,15.25769293
47,chittoor,andhra pradesh,4174064,1.202711541,997,71.53,12319140.51,25849452.9,17.06779999,15.2444007
48,vadodara,gujarat,4165626,1.203051653,934,78.92,15965451.23,26102994.47,17.0775606,15.24237712
49,muzaffarnagar,uttar pradesh,4143512,1.203346801,889,69.12,19815247.26,26230896.62,17.08244853,15.2370543
50,malappuram,kerala,4112920,1.202944431,1098,93.57,14527646.52,25677208.47,17.06111433,15.2296438
51,hardoi,uttar pradesh,4092845,1.203750324,868,64.57,26286500.11,26273777.09,17.08408193,15.22475089
52,anantapur,andhra pradesh,4081148,1.202788787,977,63.57,12789055.45,25341812.66,17.04796626,15.22188888
53,raipur,chhattisgarh,4063872,1.20539439,984,75.56,79912731.9,27604394.42,17.13348554,15.21764677
54,kurnool,andhra pradesh,4053463,1.20310584,988,59.97,16185875.98,25447837.33,17.05214132,15.21508214
55,mahbubnagar,andhra pradesh,4053028,1.203162334,977,55.04,16888033.23,25494900.52,17.05398901,15.21497481
56,kheri,uttar pradesh,4021243,1.204319867,894,60.56,38604948.1,26325748.32,17.08605804,15.20710162
57,kancheepuram,tamil nadu,3998252,1.205884381,986,84.49,107264416.4,27617588.92,17.13396341,15.20136782
58,maldah,west bengal,3988845,1.203840251,944,61.73,27326874.19,25685715.85,17.06144559,15.19901227
59,saran,bihar,3951862,1.203888674,954,65.96,28026307.66,25490098.55,17.05380064,15.18969742
60,hyderabad,telangana,3943323,1.20173617,954,83.25,5284081.158,23606489.57,16.97703221,15.18753433
61,darbhanga,bihar,3937385,1.20363849,911,56.56,23323650.2,25178439.11,17.0414986,15.18602736
62,west godavari,andhra pradesh,3936966,1.201798427,1004,74.63,5558847.374,23619601.44,16.97758749,15.18592093
63,vellore,tamil nadu,3936331,1.202915608,1007,79.17,13600531.45,24550228.78,17.01623173,15.18575963
64,pashchim champaran,bihar,3935042,1.204770659,909,55.7,51356891.2,26163725.53,17.07988449,15.18543211
65,kolhapur,maharashtra,3876001,1.202547826,957,81.51,10062491.52,23867650.81,16.98803458,15.17031451
66,jalpaiguri,west bengal,3872846,1.202992854,953,73.25,14194609.01,24218994.36,17.00264777,15.1695002
67,rajkot,gujarat,3804558,1.203701901,927,80.96,23596111.17,24382358.62,17.00937042,15.15171038
68,sultanpur,uttar pradesh,3797117,1.203481693,983,69.27,20059526.36,24150333.48,16.99980875,15.14975265
69,karimnagar,telangana,3776269,1.202333383,1008,64.15,8266623.554,23081024.24,16.95452138,15.14424704
70,thiruvallur,tamil nadu,3728104,1.205467024,987,84.03,76811958.25,25386688.07,17.0497355,15.13141035
71,aurangabad,maharashtra,3701282,1.204594262,923,79.02,42884584.48,24460802.09,17.01258248,15.1241898
72,jodhpur,rajasthan,3687165,1.204591956,916,65.94,42654189.19,24365575.61,17.00868186,15.12036843
73,bijnor,uttar pradesh,3682713,1.203422894,917,68.48,18631211.34,23375163.75,16.96718464,15.11916027
74,budaun,uttar pradesh,3681896,1.20369383,871,51.29,22702518.6,23589680.29,16.9763199,15.11893839
75,varanasi,uttar pradesh,3676841,1.203371012,913,75.6,17901844.45,23296081.31,16.96379572,15.11756452
76,alwar,rajasthan,3674179,1.204020107,895,70.72,28604647.55,23806617.69,16.98547415,15.11684026
77,aligarh,uttar pradesh,3673889,1.204020107,882,67.52,28602389.81,23804738.65,16.98539522,15.11676133
78,north west delhi,delhi,3656539,1.204600027,865,84.45,42532269.63,24169895.14,17.00061841,15.11202763
79,ghazipur,uttar pradesh,3620268,1.203605055,952,71.78,20930255.62,23123858.85,16.95637549,15.10205861
80,bankura,west bengal,3596674,1.202852198,957,70.26,11836220.2,22382616.44,16.92379516,15.09552009
81,kushinagar,uttar pradesh,3564544,1.20406853,961,65.25,28715147.95,23134812.22,16.95684906,15.08654669
82,ganjam,odisha,3529031,1.202738058,983,71.09,10632409.83,21874948.53,16.90085264,15.07653389
83,warangal,telangana,3512576,1.202340301,997,65.11,7732139.843,21474459.73,16.88237487,15.07186023
84,birbhum,west bengal,3502404,1.20325572,956,70.68,15651587.07,22102580.9,16.91120494,15.06896015
85,bulandshahar,uttar pradesh,3499171,1.20371343,896,68.88,21883581.55,22434142.52,16.92609458,15.06803664
86,ludhiana,punjab,3498739,1.203164639,873,82.2,14603737.56,22009993.48,16.90700716,15.06791318
87,vaishali,bihar,3495021,1.204687649,895,66.6,43136631.52,23171909.9,16.95845132,15.06684994
88,nalgonda,telangana,3488809,1.202248067,983,64.2,7130571.842,21260913.46,16.8723809,15.06507098
89,bahraich,uttar pradesh,3487731,1.206752531,892,49.36,158608440.3,24814839.95,17.02695242,15.06476194
90,salem,tamil nadu,3482056,1.203173863,954,72.86,14635209.11,21912035.18,16.9025466,15.06313348
91,saharanpur,uttar pradesh,3466382,1.203660396,890,70.49,20862502.7,22183279.85,16.9148494,15.05862196
92,viluppuram,tamil nadu,3458873,1.203335272,987,71.88,16400236.06,21887998.31,16.90144902,15.05645337
93,coimbatore,tamil nadu,3458045,1.203533574,1000,83.98,18976344.1,22033228.9,16.90806228,15.05621396
94,meerut,uttar pradesh,3443689,1.203110452,886,72.84,13798955.62,21623097.63,16.88927264,15.05205384
95,gonda,uttar pradesh,3433919,1.204180363,921,58.71,29919674.05,22373035.81,16.92336703,15.04921273
96,sitamarhi,bihar,3423574,1.204578121,899,52.05,39234409.66,22612955.08,16.93403353,15.04619559
97,rae bareli,uttar pradesh,3405559,1.203533574,943,67.25,18688322.29,21698809.87,16.89276797,15.04091965
98,prakasam,andhra pradesh,3397448,1.20266773,981,63.08,9690327.326,21008024.83,16.86041506,15.03853512
99,nanded,maharashtra,3361292,1.203337578,943,75.45,15964858.06,21272194.42,16.87291135,15.02783598
100,durg,chhattisgarh,3343872,1.203581997,988,79.06,19010314.01,21341426.24,16.87616064,15.02263997
101,siwan,bihar,3330464,1.204010884,988,69.45,25760267.64,21572679.46,16.88693823,15.01862219
102,nagaur,rajasthan,3307743,1.203607361,950,62.8,19155536.19,21129339.66,16.86617314,15.01177664
103,thiruvananthapuram,kerala,3301427,1.201632407,1087,93.02,4052125.116,19692478.96,16.79574734,15.00986536
104,ernakulam,kerala,3282388,1.202049764,1027,95.89,5708590.563,19865532.1,16.80449673,15.00408176
105,indore,madhya pradesh,3276697,1.205184558,928,80.87,56238338.05,22097997.6,16.91099756,15.00234646
106,purnia,bihar,3264619,1.204659979,921,51.08,39547082.2,21623784.96,16.88930442,14.99865362
107,barabanki,uttar pradesh,3260699,1.203925568,910,61.75,23740227,21058765.04,16.86282742,14.99745215
108,ballia,uttar pradesh,3239774,1.203389459,937,70.94,15990611.19,20539962.92,16.83788296,14.99101413
109,pratapgarh,uttar pradesh,3209141,1.203411365,998,70.09,16097834.76,20361161.3,16.82913979,14.98151386
110,thrissur,kerala,3121200,1.201963295,1108,95.08,5055128.467,18833250.15,16.75113449,14.9537281
111,banaskantha,gujarat,3120506,1.204231092,938,65.32,28167868.34,20366595.09,16.82940662,14.95350573
112,unnao,uttar pradesh,3108367,1.203135816,907,66.37,12695880.58,19534733.99,16.78770467,14.94960807
113,deoria,uttar pradesh,3100946,1.203043583,1017,71.13,11812353.93,19425979.07,16.78212186,14.94721778
114,kozhikode,kerala,3086293,1.202223855,1098,95.08,6185645.222,18792148.35,16.7489497,14.94248125
115,mumbai city,maharashtra,3085411,1.20052099,832,89.21,1404243.926,17702795.04,16.6892331,14.94219543
116,tirunelveli,tamil nadu,3077233,1.202889091,1023,82.5,10418175.49,19174556.99,16.7690948,14.93954137
117,katihar,bihar,3071029,1.204662284,919,52.24,37259982.59,20343118.65,16.82825326,14.93752324
118,udaipur,rajasthan,3068420,1.204125023,958,61.82,25719392.13,19953632.71,16.80892178,14.93667333
119,madurai,tamil nadu,3038252,1.203450564,990,83.45,15687405.79,19303045.81,16.77577346,14.92679291
120,bhagalpur,bihar,3037766,1.204317561,880,63.14,29116834.07,19885671.63,16.80551001,14.92663293
121,medak,telangana,3033288,1.202961725,992,61.42,10856678.09,18948347.04,16.75722726,14.92515774
122,uttar dinajpur,west bengal,3007134,1.204062765,939,59.07,24126645.48,19513201.32,16.78660179,14.91649802
123,shahjahanpur,uttar pradesh,3006538,1.203469011,872,59.54,15735725.48,19113734.84,16.76591774,14.91629981
124,satara,maharashtra,3003741,1.202192727,988,82.87,5870270.999,18269717.74,16.72075548,14.91536907
125,mysore,karnataka,3001127,1.202965184,985,72.79,10769968.69,18749689.6,16.74668776,14.91449844
126,begusarai,bihar,2970541,1.204442076,895,63.87,31022759.26,19529081.8,16.78741529,14.90425465
127,sri potti sriramulu nellore,andhra pradesh,2963557,1.20266773,985,68.9,8452767.306,18325071.95,16.72378073,14.90190079
128,rohtas,bihar,2959918,1.203789523,918,73.37,19553744.33,19026734.08,16.7613556,14.90067212
129,puruliya,west bengal,2930115,1.203183086,957,64.48,12400993.16,18444641.65,16.73028446,14.89055223
130,ranchi,jharkhand,2914253,1.204158458,949,76.06,25005962.32,18972934.93,16.75852404,14.88512408
131,amravati,maharashtra,2888445,1.202637754,951,87.38,8047661.968,17842058.18,16.69706905,14.87622885
132,ysr,andhra pradesh,2882469,1.202637754,985,67.3,8031011.892,17805144.15,16.69499797,14.87415778
133,bhavnagar,gujarat,2880365,1.20331106,933,75.52,13413752.27,18211906.19,16.71758612,14.87342758
134,nalanda,bihar,2877653,1.203859851,922,64.43,19992519.94,18542850.75,16.73559487,14.87248559
135,nagaon,assam,2823768,1.203930179,962,72.37,20626584.44,18239807.48,16.71911699,14.85358272
136,sangli,maharashtra,2822143,1.202459051,966,81.48,6829610.414,17324733.25,16.66764571,14.85300708
137,koch bihar,west bengal,2819086,1.202974407,942,74.78,10188140.37,17618006.36,16.68443203,14.85192328
138,araria,bihar,2811569,1.20488134,921,53.53,39511731.86,18765022.9,16.74750521,14.84925325
139,palakkad,kerala,2809934,1.202241149,1067,89.31,5711058.476,17119711.27,16.65574106,14.84867155
140,khammam,telangana,2797370,1.202370277,1011,64.81,6307341.048,17119797.72,16.65574611,14.84419025
141,yavatmal,maharashtra,2772348,1.202867186,952,82.82,9229297.531,17261680.56,16.66399961,14.83520517
142,junagadh,gujarat,2743082,1.202783022,953,75.8,8557706.726,17029713.43,16.65047022,14.82459266
143,adilabad,telangana,2741239,1.202567426,1001,61.01,7227275.038,16891494.61,16.64232078,14.82392057
144,south delhi,delhi,2731929,1.203758394,862,86.57,17648194.15,17542341.31,16.68012802,14.82051851
145,bhojpur,bihar,2728407,1.203887521,907,70.47,19333755.52,17597931.94,16.68329195,14.81922848
146,tiruchirappalli,tamil nadu,2722290,1.202842974,1013,83.23,8895309.2,16935785.89,16.64493945,14.816984
147,srikakulam,andhra pradesh,2703114,1.202145457,1015,61.74,5083653.476,16414210.38,16.613658,14.809915
148,maharajganj,uttar pradesh,2684703,1.204103118,943,62.76,22159799.37,17445190.85,16.67457457,14.80308067
149,dhanbad,jharkhand,2684487,1.202776105,909,74.52,8330167.836,16661945.63,16.62863797,14.80300021
150,tumkur,karnataka,2678980,1.201814568,984,75.14,3834092.053,16081424.18,16.59317539,14.80094668
151,sikar,rajasthan,2677333,1.203357177,947,71.91,12902517.04,16955191.99,16.64608466,14.80033171
152,bilaspur,chhattisgarh,2663629,1.205231828,971,70.78,47146495.28,17992596.97,16.70547095,14.79520004
153,kollam,kerala,2635375,1.201617419,1113,94.09,3193660.26,15711375.83,16.56989558,14.78453604
154,raigarh,maharashtra,2634200,1.203620043,959,83.14,15396329.7,16834223.12,16.63892446,14.78409009
155,fatehpur,uttar pradesh,2632733,1.203013607,901,67.43,9803016.04,16475734.56,16.61739922,14.78353303
156,cuttack,odisha,2624470,1.202788787,940,85.5,8224277.179,16296597.69,16.60646691,14.78038953
157,cuddalore,tamil nadu,2605914,1.203010148,987,78.04,9677661.907,16305947.33,16.60704047,14.77329404
158,barmer,rajasthan,2603751,1.205143053,902,56.53,43492434.88,17534697.2,16.67969217,14.77246366
159,buldana,maharashtra,2586258,1.203221133,934,83.4,11262433.21,16301554.77,16.60677105,14.7657226
160,bid,maharashtra,2585049,1.203654631,916,76.99,15493291.19,16539854.88,16.62128347,14.76525502
161,ajmer,rajasthan,2583052,1.203515128,951,69.33,13984604,16447652.78,16.61569334,14.7644822
162,gulbarga,karnataka,2566326,1.203470164,971,64.85,13443115.42,16315785.36,16.60764362,14.75798586
163,gopalganj,bihar,2562012,1.203586609,1021,65.47,14614387.51,16354004.63,16.60998336,14.75630345
164,siddharth nagar,uttar pradesh,2559297,1.204327937,976,59.25,24707416.94,16759524.91,16.63447731,14.75524317
165,nizamabad,telangana,2551335,1.202404864,1040,61.25,5913692.961,15632840.27,16.56488441,14.75212731
166,bharatpur,rajasthan,2548462,1.203848322,880,70.11,17560146.01,16415100.98,16.61371226,14.7510006
167,mathura,uttar pradesh,2547184,1.204020107,863,70.36,19830634.43,16504322.65,16.61913288,14.75049899
168,west delhi,delhi,2543243,1.203637337,875,86.98,15052649.94,16262656.64,16.60438203,14.7489506
169,aurangabad,bihar,2540073,1.204412101,926,70.32,25986717.71,16681869.35,16.62983302,14.74770338
170,kannur,kerala,2523003,1.201939084,1136,95.1,4005242.375,15210920.46,16.53752418,14.74096042
171,mayurbhanj,odisha,2519738,1.202930596,1006,63.17,8806518.936,15723339.95,16.57065679,14.73966549
172,firozabad,uttar pradesh,2498156,1.203894439,875,71.92,17789693.51,16116681.55,16.59536541,14.73106342
173,mirzapur,uttar pradesh,2496970,1.203469011,903,68.48,13068730.36,15874212.3,16.58020648,14.73058855
174,amritsar,punjab,2490656,1.203177322,889,76.27,10495554.95,15675185.4,16.56758947,14.72805669
175,tiruppur,tamil nadu,2479052,1.204749907,989,78.68,31906887.99,16471242.14,16.61712652,14.72338679
176,faizabad,uttar pradesh,2470996,1.203502445,962,68.73,13254164.62,15727241.64,16.5709049,14.72013187
177,tiruvannamalai,tamil nadu,2464875,1.202863727,994,74.21,8183901.724,15345398.87,16.54632624,14.71765165
178,basti,uttar pradesh,2464464,1.203493222,963,67.22,13129997.76,15680670.01,16.5679393,14.7174849
179,jabalpur,madhya pradesh,2463289,1.203066641,929,81.07,9548815.766,15443678.87,16.55271034,14.71700801
180,latur,maharashtra,2454196,1.203465552,928,77.26,12812239.2,15600416.86,16.56280819,14.71330977
181,bellary,karnataka,2452595,1.203813734,983,67.43,16486201.58,15778769.46,16.57417589,14.71265721
182,giridih,jharkhand,2445474,1.204669202,944,63.14,29809281.59,16203165.81,16.6007172,14.70974953
183,sabarkantha,gujarat,2428589,1.203309908,952,75.79,11300154.84,15354815.06,16.54693967,14.70282099
184,bhilwara,rajasthan,2408523,1.203653478,973,61.37,14423232.17,15409779.64,16.55051291,14.69452425
185,thanjavur,tamil nadu,2405890,1.202380653,1035,82.64,5469833.586,14729262.38,16.50534671,14.69343046
186,ambedkar nagar,uttar pradesh,2397888,1.203503598,978,72.23,12872898.37,15262536.25,16.54091177,14.69009891
187,panchmahal,gujarat,2390776,1.203474775,949,70.99,12566050.53,15202123.12,16.53694565,14.68712856
188,sagar,madhya pradesh,2378458,1.203426353,893,76.46,12063586.9,15098513.26,16.53010684,14.68196294
189,bhopal,madhya pradesh,2371061,1.204693413,918,80.37,29378375.65,15723193.84,16.57064749,14.67884809
190,rewa,madhya pradesh,2365106,1.203683454,931,71.62,14474159.15,15147662.19,16.53335677,14.6763334
191,bikaner,rajasthan,2363937,1.206142636,905,65.13,74417535.02,16473291.64,16.61725094,14.67583901
192,surguja,chhattisgarh,2359886,1.203660396,978,60.01,14203030.15,15102204.99,16.53035132,14.67412387
193,vizianagaram,andhra pradesh,2344474,1.201881438,1019,58.89,3547911.666,14106253.13,16.46212874,14.66757163
194,rampur,uttar pradesh,2335819,1.20386331,909,53.34,16268273.76,15053208.21,16.5271017,14.66387314
195,baleshwar,orissa,2320529,1.203079323,957,79.79,9082199.585,14555028.3,16.49344708,14.65730573
196,kheda,gujarat,2299885,1.202964031,940,82.65,8246202.02,14368071.73,16.48051906,14.64836968
197,gurdaspur,punjab,2298323,1.202461357,895,79.95,5572152.9,14110206.53,16.46240896,14.64769028
198,purbi singhbhum,jharkhand,2293919,1.203201533,949,75.49,9843756.859,14449100.07,16.48614269,14.64577227
199,south west delhi,jharkhand,2292958,1.204927456,840,88.28,33226931.83,15327938.75,16.54518778,14.64535325
200,erode,tamil nadu,2251744,1.202738058,993,72.58,6784146.994,13957594.62,16.45153434,14.62721559
201,khordha,odisha,2251673,1.203692677,929,86.88,13872213.53,14425755.81,16.48452577,14.62718405
202,north east delhi,delhi,2241624,1.204481276,886,83.09,24047517.09,14756877.53,16.50721981,14.62271116
203,supaul,bihar,2229076,1.204698025,929,57.67,27705139.84,14783991.88,16.50905552,14.61709771
204,satna,madhya pradesh,2228935,1.203606208,926,72.26,12897204.96,14237517.82,16.47139114,14.61703445
205,nawada,bihar,2219146,1.204002813,939,59.76,17066841.63,14370253.61,16.48067091,14.612633
206,mau,uttar pradesh,2205968,1.203581997,979,73.09,12541193.08,14079038.72,16.46019763,14.60667697
207,chandrapur,maharashtra,2204307,1.202135081,961,80.01,4110670.831,13380459.29,16.40930594,14.60592373
208,jalandhar,punjab,2193590,1.202749588,915,82.48,6668365.389,13602559.16,16.42576851,14.60105003
209,dhar,madhya pradesh,2185793,1.204345231,964,59,21355287.61,14322158.58,16.47731845,14.59748925
210,bijapur,karnataka,2177331,1.203757241,960,67.15,14053837.42,13980584.48,16.4531801,14.59361037
211,jamnagar,gujarat,2160119,1.202943279,939,73.65,7623244.609,13485215.11,16.41710447,14.58567387
212,dindigul,tamil nadu,2159775,1.202812998,998,76.26,6895929.014,13422341.99,16.41243119,14.58551461
213,balrampur,uttar pradesh,2148665,1.20458965,928,49.51,24817487.3,14197713.11,16.46859146,14.58035728
214,jhunjhunun,rajasthan,2137045,1.202739211,950,74.13,6444345.685,13247154.28,16.39929332,14.57493459
215,alappuzha,kerala,2127789,1.201495209,1100,95.72,2322626.063,12631347.12,16.35169215,14.57059397
216,dohad,gujarat,2127086,1.204850211,990,58.82,29278604.65,14181474.45,16.46744705,14.57026353
217,sundargarh,odisha,2093437,1.203048194,973,73.34,8002424.495,13116499.54,16.3893815,14.55431777
218,anand,gujarat,2092745,1.202857962,925,84.37,6917600.438,13026053.08,16.38246199,14.55398716
219,kachchh,gujarat,2092371,1.205101548,908,70.59,34012534.23,14070825.42,16.45961409,14.55380843
220,chhindwara,madhya pradesh,2090922,1.20290062,964,71.16,7141866.928,13033956.39,16.38306854,14.55311567
221,dakshina kannada,karnataka,2089649,1.202559356,1020,88.57,5474456.003,12872796.26,16.37062683,14.55250667
222,bokaro,jharkhand,2062330,1.203239579,922,72.01,9105680.91,13007458.63,16.38103349,14.53934697
223,dhule,maharashtra,2050862,1.203708818,946,72.8,12783307.34,13146544.82,16.39166953,14.53377075
224,churu,rajasthan,2039547,1.202086658,940,66.75,3655965.282,12359512.04,16.32993653,14.52823828
225,pali,rajasthan,2037573,1.20277034,987,62.39,6294571.961,12644183.72,16.35270788,14.52726995
226,mahesana,gujarat,2035064,1.202630837,926,83.61,5639376.249,12567668.2,16.34663806,14.52603783
227,banka,bihar,2034763,1.204446688,907,58.17,21317310.01,13379164.25,16.40920915,14.52588991
228,gwalior,madhya pradesh,2032036,1.20421841,864,76.65,18181299.13,13256692.67,16.40001309,14.5245488
229,pilibhit,uttar pradesh,2031007,1.204097353,895,61.47,16696381.63,13194856.05,16.39533762,14.52404229
230,firozpur,punjab,2029074,1.203262638,893,68.92,9114501.019,12807917.98,16.36557413,14.52309009
231,madhepura,bihar,2001762,1.204981644,911,52.25,30067813.39,13406255.39,16.41123198,14.50953835
232,jhansi,uttar pradesh,1998603,1.2030701,890,75.05,7767805.144,12531813.67,16.34378106,14.50795899
233,ujjain,madhya pradesh,1986864,1.203252261,955,72.34,8856016.407,12536980.1,16.34419324,14.50206807
234,kottayam,kerala,1974551,1.201517115,1039,97.21,2196296.717,11730628.28,16.27771378,14.49585159
235,ganganagar,rajasthan,1969168,1.202551285,887,69.64,5126117.855,12127204.27,16.31096177,14.49312168
236,morena,madhya pradesh,1965970,1.2040962,840,71.03,16148642.38,12771822.51,16.36275194,14.49149632
237,jalna,maharashtra,1959046,1.203867922,937,71.52,13689178.97,12627098.98,16.35135578,14.48796818
238,chandauli,uttar pradesh,1952756,1.203564703,918,71.48,10962483.49,12455535.56,16.33767571,14.48475227
239,kota,rajasthan,1951014,1.204205728,911,76.56,17302747.25,12722561.17,16.35888745,14.4838598
240,dhubri,assam,1949258,1.204211492,953,58.34,17356787.63,12713633.37,16.35818547,14.48295935
241,davanagere,karnataka,1945497,1.202388723,972,75.74,4451725.332,11913998.08,16.29322458,14.48102803
242,virudhunagar,tamil nadu,1942288,1.202651589,1007,80.15,5470420.109,12003361.72,16.30069731,14.47937722
243,palamu,jharkhand,1939869,1.204410948,928,63.63,19830489.45,12739538.56,16.36022099,14.478131
244,raichur,karnataka,1928812,1.203181933,1000,59.56,8156160.02,12141102.68,16.31210717,14.47241483
245,sonitpur,assam,1924110,1.203186545,956,67.34,8164496.268,12113438.07,16.30982598,14.46997408
246,saharsa,bihar,1900661,1.204393654,906,53.2,19199919.87,12474628.09,16.33920739,14.45771228
247,patiala,punjab,1895686,1.203655784,891,75.28,11371149.87,12129603.44,16.31115959,14.45509134
248,haridwar,uttarakhand,1890422,1.204925151,880,73.43,27351933.46,12636071,16.35206606,14.45231064
249,bagalkot,karnataka,1889752,1.203053959,989,68.82,7255461.772,11842667.56,16.28721946,14.45195616
250,farrukhabad,uttar pradesh,1885204,1.20370536,874,69.04,11721413.76,12083192.65,16.30732601,14.4495466
251,krishnagiri,tamil nadu,1879809,1.203746865,958,71.46,12043127.62,12065882.92,16.30589244,14.44668073
252,west nimar,madhya pradesh,1873046,1.204028178,965,62.7,14665607.29,12139662.44,16.31198854,14.44307654
253,kanniyakumari,tamil nadu,1870374,1.202731141,1019,91.75,5604932.706,11590865.31,16.26572787,14.44164897
254,mainpuri,uttar pradesh,1868529,1.203356024,881,75.99,8997063.389,11832672.77,16.28637514,14.44066205
255,sonbhadra,uttar pradesh,1862559,1.204537769,918,64.03,20766843.01,12285285.77,16.32391283,14.43746191
256,dharwad,karnataka,1847023,1.203138122,971,80,7557137.952,11608662.1,16.26726211,14.42908571
257,darjiling,west bengal,1846823,1.203096617,970,79.56,7323338.202,11590743.61,16.26571737,14.42897742
258,jyotiba phule nagar,uttar pradesh,1840221,1.204017801,910,63.84,14303383.4,11922651.78,16.29395066,14.42539623
259,parbhani,maharashtra,1836086,1.203721501,947,73.34,11549850.72,11774928.63,16.28148314,14.42314669
260,jalor,rajasthan,1828730,1.204415559,952,54.86,18753712.63,12011569.94,16.3013809,14.41913229
261,jajapur,orissa,1827192,1.202833751,973,80.13,5928206.905,11363610.39,16.24592674,14.41829092
262,akola,maharashtra,1813906,1.202693095,946,88.05,5277104.056,11226107.98,16.23375269,14.41099309
263,faridabad,haryana,1809733,1.205145359,873,81.7,30275001.15,12188426.79,16.31599744,14.40868988
264,mandya,karnataka,1805769,1.201668147,995,70.4,2284617.217,10784546.25,16.19362476,14.4064971
265,kendujhar,odisha,1801733,1.203163487,988,68.24,7513917.487,11333954.79,16.24331363,14.40425954
266,banda,uttar pradesh,1799410,1.203359483,863,66.67,8686489.72,11396331.37,16.24880205,14.40296939
267,banswara,rajasthan,1797485,1.204452453,980,56.33,18906030.55,11821335.04,16.28541651,14.40189902
268,ramabai nagar,uttar pradesh,1796184,1.203110452,865,75.78,7197358.209,11278330.3,16.23839377,14.40117497
269,hassan,karnataka,1776421,1.201760381,1010,76.07,2429411.785,10643421.52,16.18045256,14.39011122
270,hanumangarh,rajasthan,1774692,1.203343342,906,67.13,8465246.263,11233513.1,16.23441211,14.38913744
271,etah,uttar pradesh,1774480,1.202964031,873,70.81,6362370.536,11085709.04,16.22116736,14.38901798
272,chhattarpur,madhya pradesh,1762375,1.203643102,883,63.74,10474680.56,11271673.17,16.23780334,14.38217289
273,jamui,bihar,1760405,1.204374054,922,59.79,17544653.37,11546296.7,16.26187531,14.38105445
274,surendranagar,gujarat,1756268,1.20322805,930,72.13,7687760.527,11072658.08,16.21998939,14.37870166
275,shimoga,karnataka,1752753,1.202167362,998,80.45,3355613.386,10651410.48,16.18120288,14.37669825
276,thoothukkudi,tamil nadu,1750176,1.202698859,1023,86.16,5114623.865,10833854.07,16.19818643,14.37522691
277,hisar,haryana,1743931,1.202944431,872,72.89,6159909.05,10887466.77,16.20312285,14.37165232
278,cachar,assam,1736617,1.203721501,959,79.34,10924143.59,11137028.02,16.22578597,14.36744953
279,hazaribagh,jharkhand,1734495,1.203774535,947,69.75,11335647.04,11143793.52,16.22639327,14.36622686
280,namakkal,tamil nadu,1726601,1.203193462,986,74.63,7364546.353,10872601.04,16.20175652,14.36166529
281,shivpuri,madhya pradesh,1726050,1.204017801,877,62.55,13415972.82,11182946.57,16.22990055,14.36134612
282,west tripura,tripura,1725739,1.202842974,962,88.69,5638995.847,10736088.44,16.18912138,14.36116592
283,sant kabir nagar,uttar pradesh,1715183,1.20378837,972,66.72,11321425.85,11024978.69,16.21567405,14.35503034
284,east delhi,delhi,1709346,1.203329507,884,89.31,8070242.119,10814709.41,16.19641775,14.3516214
285,buxar,bihar,1706352,1.203892133,922,70.14,12131198.42,11007537.3,16.2140908,14.34986832
286,valsad,gujarat,1705678,1.203805664,922,78.55,11399306.55,10970424.6,16.21071354,14.34947324
287,bidar,karnataka,1703300,1.202935208,956,70.51,5974101.717,10630408.22,16.17922915,14.3480781
288,bhind,madhya pradesh,1703005,1.203608514,837,75.26,9870582.956,10878959.93,16.2023412,14.3479049
289,balaghat,madhya pradesh,1701698,1.202961725,1021,77.09,6090680.275,10630169.06,16.17920665,14.34713713
290,puri,odisha,1698730,1.202898315,963,84.67,5792019.608,10588345.26,16.17526445,14.34539147
291,dehradun,uttarakhand,1696694,1.205121147,902,84.25,27937442.65,11417636.85,16.25066981,14.34419221
292,barpeta,assam,1693622,1.203864463,953,63.81,11805283.93,10914997.38,16.20564831,14.34237999
293,kishanganj,bihar,1690400,1.204898633,950,55.46,24030643.35,11288795.17,16.23932121,14.34047575
294,jalaun,uttar pradesh,1689974,1.203260332,865,73.75,7578225.78,10666600.78,16.182628,14.3402237
295,dakshin dinajpur,west bengal,1676276,1.202721918,956,72.82,4987387.754,10384702,16.15584432,14.33208522
296,khagaria,bihar,1666886,1.204874422,886,57.92,23317509.86,11122518.66,16.22448232,14.32646777
297,chitradurga,karnataka,1659456,1.202469428,974,73.71,4049106.714,10190834.08,16.13699925,14.3220004
298,osmanabad,maharashtra,1657576,1.202719612,924,78.44,4922912.581,10268032.58,16.14454599,14.32086685
299,kannauj,uttar pradesh,1656616,1.203615432,879,72.7,9650149.558,10585150.43,16.17496267,14.32028753
300,sangrur,punjab,1655169,1.20281761,885,67.99,5303628.69,10288014.08,16.14649009,14.31941368
301,balangir,odisha,1648997,1.204082365,987,64.72,13413898.82,10707519.3,16.18645679,14.31567778
302,udham singh nagar,uttarakhand,1648902,1.205250274,920,73.1,29537968.7,11145240.59,16.22652311,14.31562017
303,nandurbar,maharashtra,1648295,1.204352149,978,64.38,16181005.11,10802835.31,16.19531919,14.31525198
304,gautam buddha nagar,uttar pradesh,1648115,1.205672244,851,80.12,38697135.7,11301978.61,16.24048837,14.31514277
305,bhiwani,haryana,1634445,1.203088547,886,75.21,6441759.252,10254984.74,16.14327446,14.30681386
306,dausa,rajasthan,1634409,1.20417114,905,68.16,14149092.66,10645294.51,16.18062852,14.30679183
307,kaimur,bihar,1626384,1.204410948,920,69.34,16625860.18,10680814.88,16.18395969,14.3018697
308,janjgir champa,chhattisgarh,1619707,1.204038554,986,73.07,12775224.68,10501465.46,16.16702537,14.29775583
309,pudukkottai,tamil nadu,1618345,1.202648131,1015,77.19,4545726.299,10000190.52,16.1181147,14.29691458
310,nagapattinam,tamil nadu,1616450,1.202381806,1025,83.59,3678414.398,9896574.473,16.10769924,14.29574294
311,ratnagiri,maharashtra,1615069,1.200838044,1122,82.18,985480.6151,9370043.927,16.05302834,14.29488824
312,kaushambi,uttar pradesh,1599596,1.204126176,908,61.28,13418603.05,10402428.14,16.15754981,14.28526166
313,haveri,karnataka,1597668,1.202664272,950,77.4,4544632.466,9877950.402,16.1058156,14.28405562
314,hoshiarpur,punjab,1586625,1.202213479,961,84.59,3153366.766,9657327.026,16.08322746,14.27711968
315,etawah,uttar pradesh,1581810,1.203486305,870,78.41,8384778.154,10062193.49,16.12429574,14.27408032
316,sant ravidas nagar,uttar pradesh,1578213,1.203305296,955,68.97,7318231.209,9976700.385,16.11576297,14.27180375
317,kalahandi,odisha,1576869,1.203477081,1003,59.22,8302162.846,10027566.99,16.12084856,14.27095179
318,betul,madhya pradesh,1575362,1.202883327,971,68.9,5309933.232,9814283.129,16.09934934,14.26999565
319,mahamaya nagar,uttar pradesh,1564708,1.203367554,871,71.59,7598781.21,9912641.557,16.10932143,14.26320978
320,dewas,madhya pradesh,1563715,1.203645408,942,69.35,9309509.452,10001893.76,16.11828501,14.26257496
321,bharuch,gujarat,1551019,1.202910997,925,81.51,5340064.538,9671897.108,16.08473503,14.25442269
322,rajgarh,madhya pradesh,1545814,1.204075447,956,61.21,12513502.08,10035123.87,16.12160188,14.25106119
323,chittaurgarh,rajasthan,1544338,1.20324765,972,61.71,6859877.37,9743116.186,16.09207156,14.2501059
324,rajnandgaon,chhattisgarh,1537133,1.203675384,1015,75.96,9352271.272,9842047.79,16.10217436,14.24542955
325,kolar,karnataka,1536401,1.202635448,979,74.39,4272933.543,9489660.867,16.06571343,14.24495323
326,jammu,jammu & kashmir,1529958,1.202862574,880,83.45,5075277.741,9524571.369,16.06938548,14.24075084
327,kamrup,assam,1517542,1.203202686,949,75.55,6517768.49,9559182.694,16.07301279,14.23260248
328,gurgaon,haryana,1514432,1.209920759,854,84.7,384364941,11991877.55,16.29974011,14.23055101
329,amreli,gujarat,1514190,1.202388723,964,74.25,3464799.987,9272724.013,16.04258775,14.2303912
330,shajapur,madhya pradesh,1512681,1.203376777,938,69.09,7396452.436,9586099.101,16.0758246,14.22939413
331,kangra,himachal pradesh,1510075,1.202866033,1012,85.67,5022666.264,9401918.863,16.05642436,14.22766988
332,dharmapuri,tamil nadu,1506843,1.203277626,946,68.54,6844765.905,9516423.681,16.06852967,14.22552729
333,bhadrak,odisha,1506337,1.202885632,981,82.78,5086276.643,9385016.866,16.05462503,14.22519143
334,karnal,haryana,1505324,1.203485152,887,74.73,7972594.048,9575270.132,16.0746943,14.22451872
335,pashchimi singhbhum,jharkhand,1502338,1.203901356,1005,58.63,10751210.16,9694542.306,16.08707364,14.22253312
336,raigarh,chhattisgarh,1493984,1.203474775,991,73.26,7852462.309,9499730.926,16.06677403,14.21695694
337,deoghar,jharkhand,1492073,1.204625391,925,64.85,17656618.22,9871273.074,16.10513939,14.21567699
338,bargarh,odisha,1481255,1.202548979,977,74.62,3848985.149,9121641.518,16.02616034,14.20840026
339,vidisha,madhya pradesh,1458875,1.203709971,896,70.53,9100945.849,9352130.328,16.05111472,14.19317615
340,karauli,rajasthan,1458248,1.203763006,861,66.22,9451560.891,9365234.178,16.0525149,14.19274627
341,ratlam,madhya pradesh,1455069,1.203667313,971,66.78,8801377.93,9314008.471,16.04703011,14.19056388
342,sonipat,haryana,1450001,1.202932902,856,79.12,5076723.919,9048829.582,16.01814598,14.1870748
343,tikamgarh,madhya pradesh,1445166,1.203714583,901,61.43,9045498.506,9265723.226,16.04183247,14.18373475
344,kendrapara,odisha,1440361,1.202619308,1007,85.15,3955491.7,8891484.797,16.00060461,14.18040433
345,uttara kannada,karnataka,1437169,1.202105105,979,84.06,2615327.102,8714732.711,15.98052557,14.17818576
346,kanshiram nagar,uttar pradesh,1436719,1.203345648,880,61.02,6864854.423,9094923.699,16.02322698,14.1778726
347,tonk,rajasthan,1421326,1.203388306,952,61.58,7009286.659,9010758.152,16.01392977,14.1671008
348,bastar,chhattisgarh,1413199,1.203464399,1023,54.4,7371416.667,8982825.861,16.01082507,14.16136649
349,jhalawar,rajasthan,1411129,1.203647714,946,61.5,8415162.788,9026635.852,16.0156903,14.15990065
350,gandhinagar,gujarat,1391753,1.201888355,923,84.16,2118306.704,8375929.402,15.9408726,14.14607466
351,koppal,karnataka,1389920,1.203262638,986,68.09,6243452.558,8773451.025,15.98724079,14.14475675
352,dungarpur,rajasthan,1388552,1.204317561,994,59.46,13309200.97,9089669.549,16.02264911,14.14377204
353,bathinda,punjab,1388525,1.203392918,868,68.28,6870914.468,8804213.426,15.99074096,14.14375259
354,barwani,madhya pradesh,1385881,1.204572357,982,49.08,15820182.75,9152031.254,16.02948641,14.1418466
355,koraput,odisha,1379647,1.203337578,1032,49.21,6552798.306,8731201.937,15.9824136,14.13733823
356,auraiya,uttar pradesh,1379545,1.203343342,864,78.95,6580402.772,8732296.549,15.98253896,14.13726429
357,seoni,madhya pradesh,1379131,1.203494375,982,72.12,7353855.141,8775360.269,15.98745838,14.13696415
358,munger,bihar,1367765,1.203723806,876,70.46,8618217.65,8772256.235,15.9871046,14.12868858
359,ramanathapuram,tamil nadu,1353445,1.20300323,983,80.72,4999942.59,8466863.135,15.95167065,14.11816375
360,patan,gujarat,1343734,1.202962878,935,72.3,4813698.713,8394374.317,15.94307232,14.11096286
361,mandsaur,madhya pradesh,1340411,1.20292022,963,71.78,4647683.976,8361251.72,15.9391187,14.10848684
362,sivaganga,tamil nadu,1339101,1.203226897,1003,79.85,5856628.735,8442228.746,15.9487569,14.10750905
363,sawai madhopur,rajasthan,1335551,1.203648866,897,65.39,7971123.548,8543522.502,15.96068395,14.1048545
364,jind,haryana,1334152,1.202792246,871,71.44,4192021.806,8285385.335,15.93000372,14.10380644
365,raisen,madhya pradesh,1331597,1.203509363,901,72.98,7178859.12,8477291.292,15.95290153,14.10188953
366,navsari,gujarat,1329672,1.202333383,961,83.88,2910782.541,8127120.092,15.91071719,14.10044285
367,tinsukia,assam,1327929,1.203177322,952,69.66,5595855.786,8357450.114,15.93866393,14.09913114
368,dibrugarh,assam,1326335,1.202768034,961,76.05,4090065.33,8229929.877,15.92328805,14.09793006
369,garhwa,jharkhand,1322784,1.204593109,935,60.33,15314330.71,8741586.189,15.98360222,14.09524916
370,gondiya,maharashtra,1322507,1.202562814,999,84.95,3474151.082,8147974.425,15.91327992,14.09503974
371,dumka,jharkhand,1321442,1.203632726,977,61.02,7795047.654,8448558.12,15.94950635,14.09423412
372,godda,jharkhand,1313551,1.204316408,938,56.4,12580280.43,8598360.618,15.96708212,14.08824471
373,sehore,madhya pradesh,1311332,1.203877145,918,70.06,9223695.97,8454924.706,15.95025964,14.08655397
374,east nimar,madhya pradesh,1310061,1.203872533,943,66.39,9184474.176,8445386.642,15.94913089,14.08558426
375,kasaragod,kerala,1307375,1.202382959,1080,90.09,2977820.732,8004610.193,15.89552821,14.08353187
376,baghpat,uttar pradesh,1303048,1.202771493,861,72.01,4029038.275,8086403.197,15.90569459,14.08021669
377,wardha,maharashtra,1300774,1.201990965,946,86.99,2155427.961,7856402.014,15.8768393,14.07847003
378,sirsa,haryana,1295189,1.203237274,897,68.82,5708718.545,8168321.134,15.91577395,14.07416719
379,katni,madhya pradesh,1292042,1.203862157,952,71.98,8991273.791,8326246.15,15.93492327,14.07173447
380,anugul,orissa,1273821,1.202747282,943,77.53,3865405.627,7898395.036,15.88217014,14.0575316
381,thiruvarur,tamil nadu,1264277,1.202328771,1017,82.86,2757407.235,7726179.855,15.8601251,14.05001098
382,damoh,madhya pradesh,1264219,1.20331106,910,69.73,5887420.684,7993375.085,15.89412364,14.0499651
383,chikkaballapura,karnataka,1255104,1.202457899,972,69.76,3034583.207,7704595.991,15.85732759,14.042729
384,kamrup metropolitan,assam,1253938,1.20350821,936,88.71,6754476.781,7982576.062,15.89277173,14.04179956
385,theni,tamil nadu,1245899,1.20299516,991,77.26,4574448.755,7791900.42,15.86859534,14.03536792
386,guna,madhya pradesh,1241519,1.204503181,912,63.23,13519622.53,8179225.49,15.91710802,14.03184619
387,hoshangabad,madhya pradesh,1241350,1.203064335,914,75.29,4803632.808,7782067.207,15.86733257,14.03171006
388,srinagar,jammu & kashmir,1236829,1.203739947,900,69.41,7884435.519,7936908.582,15.88703441,14.0280614
389,karimganj,assam,1228686,1.20391865,963,78.22,8901802.734,7933403.119,15.88659265,14.02145586
390,baran,rajasthan,1222755,1.203662702,929,66.66,7371489.522,7825702.838,15.87292411,14.01661707
391,lalitpur,uttar pradesh,1221592,1.204269138,906,63.52,11322470.45,7983408.825,15.89287605,14.01566548
392,nabarangapur,orissa,1220946,1.203587762,1019,46.43,6970449.616,7793933.632,15.86885625,14.01513653
393,yamunanagar,haryana,1214205,1.203304143,877,77.99,5625485.138,7675311.62,15.85351945,14.0096001
394,korba,chhattisgarh,1206640,1.203613126,969,72.37,7017163.491,7709359.978,15.85794573,14.0033502
395,dhaulpur,rajasthan,1206516,1.204012037,846,69.08,9339693.982,7815372.599,15.8716032,14.00324743
396,panipat,haryana,1205437,1.204229939,864,75.94,10872387.96,7867208.996,15.87821392,14.00235271
397,bhandara,maharashtra,1200334,1.202045153,982,83.76,2079682.904,7263446.159,15.79836495,13.99811041
398,pathanamthitta,kerala,1197412,1.201051334,1132,96.55,885735.2319,6998962.866,15.76127253,13.99567312
399,washim,maharashtra,1197160,1.203392918,930,83.25,5923972.535,7590826.341,15.84245102,13.99546264
400,dhenkanal,odisha,1192811,1.202754199,947,78.76,3639063.811,7397862.215,15.81670163,13.99182326
401,singrauli,madhya pradesh,1178273,1.204627697,920,60.41,13965026.17,7795849.221,15.869102,13.97956037
402,udupi,karnataka,1177361,1.202068211,1094,86.24,2078826.619,7130148.985,15.77984269,13.97878605
403,hingoli,maharashtra,1177345,1.203615432,942,78.17,6858291.44,7522789.792,15.83344761,13.97877246
404,yadgir,karnataka,1174271,1.204023566,989,51.83,9164434.029,7609523.914,15.84491117,13.97615809
405,rajsamand,rajasthan,1156597,1.203374471,990,63.14,5645689.616,7328954.217,15.80734339,13.96099263
406,sivasagar,assam,1151050,1.20248211,954,80.41,2836971.892,7071790.444,15.77162425,13.95618513
407,sahibganj,jharkhand,1150567,1.204161917,952,52.04,9896439.833,7491536.643,15.82928449,13.95576542
408,chikmagalur,karnataka,1137961,1.201363776,1008,79.25,1108717.793,6724452.195,15.72126102,13.94474862
409,jagatsinghapur,odisha,1136971,1.202258443,968,86.59,2343333.116,6931236.546,15.75154879,13.94387827
410,ambala,haryana,1128350,1.202688483,885,81.75,3270869.412,6982144.2,15.75886662,13.93626695
411,sidhi,madhya pradesh,1127033,1.204128482,957,64.43,9469689.645,7329857.629,15.80746665,13.93509907
412,jehanabad,bihar,1125313,1.203893286,922,66.8,8006917.366,7259590.788,15.79783402,13.93357178
413,tarn taran,punjab,1119627,1.20361082,900,67.81,6500231.18,7152854.544,15.78302207,13.92850615
414,shrawasti,uttar pradesh,1117361,1.200814985,881,46.74,667598.2065,6477294.352,15.68381344,13.92648021
415,bundi,rajasthan,1110906,1.203169251,925,61.52,4653025.157,6989642.762,15.75994001,13.92068646
416,idukki,kerala,1108974,1.201187379,1006,91.99,925717.5017,6512923.837,15.68929904,13.91894582
417,hamirpur,uttar pradesh,1104285,1.202062446,861,68.77,1940608.146,6686256.748,15.71556475,13.91470862
418,jorhat,assam,1092256,1.202467122,962,82.15,2660255.698,6707082.718,15.71867465,13.90375584
419,narsimhapur,madhya pradesh,1091854,1.203008995,920,75.69,4051296.476,6831769.228,15.73709424,13.90338773
420,mewat,haryana,1089263,1.205766783,907,54.08,27146891.92,7493820.755,15.82958934,13.90101188
421,ramanagara,karnataka,1082636,1.201975977,976,69.22,1771915.6,6535484.829,15.69275709,13.89490937
422,anantnag,jammu & kashmir,1078692,1.205841723,927,62.69,28177536.94,7440123.748,15.82239804,13.89125975
423,kaithal,haryana,1074304,1.202955961,881,69.15,3828234.901,6709623.724,15.71905343,13.88718357
424,gadchiroli,maharashtra,1072942,1.202613543,982,74.36,2933202.875,6622048.085,15.70591526,13.88591497
425,golaghat,assam,1066888,1.202863727,964,77.43,3542291.817,6642049.562,15.70893114,13.88025656
426,shahdol,madhya pradesh,1066063,1.203398683,974,66.67,5297779.722,6760927.185,15.7266706,13.87948298
427,saraikela kharsawan,jharkhand,1065056,1.204330243,956,67.7,10298439.53,6975059.519,15.75785142,13.87853794
428,gadag,karnataka,1064570,1.202493639,982,75.12,2647900.059,6543095.053,15.69392086,13.87808152
429,karur,tamil nadu,1064493,1.202981325,1015,75.6,3867411.558,6654191.429,15.7107575,13.87800919
430,rohtak,haryana,1061204,1.202878715,867,80.22,3564255.97,6610095.002,15.70410858,13.87491467
431,chandigarh,chandigarh,1055450,1.203375624,818,86.05,5156359.716,6688287.282,15.71586839,13.86947777
432,mandla,madhya pradesh,1054905,1.203465552,1008,66.87,5507178.396,6705641.175,15.7184597,13.86896127
433,chatra,jharkhand,1042886,1.205056584,953,60.18,16458956.48,7002419.906,15.76176635,13.85750243
434,palwal,haryana,1042708,1.204363678,880,69.32,10317821.08,6836562.525,15.73779561,13.85733173
435,lakhimpur,assam,1042137,1.203379083,968,77.2,5104368.099,6604713.639,15.70329414,13.85678397
436,sambalpur,odisha,1041099,1.202693095,976,76.22,3028816.132,6443272.03,15.67854705,13.85578744
437,sirohi,rajasthan,1036346,1.203902509,940,55.25,7422516.467,6687775.68,15.71579189,13.85121162
438,mahasamund,chhattisgarh,1032754,1.20370536,1017,71.02,6421234.489,6619424.499,15.70551899,13.84773958
439,gumla,jharkhand,1025213,1.204063918,993,65.73,8232105.107,6652840.323,15.71055444,13.84041095
440,jhabua,madhya pradesh,1025048,1.204933221,990,43.3,14910770.25,6853584.34,15.74028233,13.84025
441,chamarajanagar,karnataka,1020791,1.202054376,993,61.43,1782047.002,6178979.99,15.63666377,13.83608837
442,panna,madhya pradesh,1016520,1.203546256,905,64.79,5630219.822,6479681.636,15.68418194,13.83189559
443,goalpara,assam,1008183,1.204003966,964,67.37,7759983.334,6528827.331,15.6917379,13.82366026
444,baramula,jammu & kashmir,1008039,1.203636184,885,64.63,5961271.142,6445604.943,15.67890905,13.82351742
445,lakhisarai,bihar,1000912,1.204249539,902,62.42,9151613.008,6536798.375,15.69295806,13.81642214
446,mandi,himachal pradesh,999777,1.202652742,1007,81.53,2818394.292,6178880.213,15.63664762,13.81528753
447,moga,punjab,995746,1.202694247,893,70.68,2899477.482,6162832.619,15.63404707,13.81124748
448,mohali,punjab,994628,1.205215687,879,83.8,17420972.24,6714916.301,15.71984192,13.81012408
449,chitrakoot,uttar pradesh,991730,1.2047868,879,65.05,13084073.12,6597575.405,15.70221278,13.80720617
450,bangalore rural,karnataka,990923,1.203290308,946,77.93,4543963.535,6260890.956,15.64983306,13.80639211
451,rayagada,odisha,967911,1.203291461,1051,49.76,4442252.938,6115739.399,15.62637624,13.78289542
452,kurukshetra,haryana,964655,1.203337578,888,76.31,4581744.207,6104893.212,15.62460117,13.7795258
453,nayagarh,odisha,962789,1.202704624,915,80.42,2826267.838,5961000.995,15.60074898,13.77758956
454,jhajjar,haryana,958405,1.202419852,862,80.65,2248163.375,5875509.222,15.58630329,13.77302572
455,morigaon,assam,957423,1.204084671,967,68.03,7800874.61,6217379.192,15.64285902,13.77200058
456,karbi anglong,assam,956313,1.203420588,951,69.25,4829860.843,6069490.542,15.61878523,13.77084054
457,nainital,uttarakhand,954605,1.204291044,934,83.88,8983346.481,6243287.421,15.64701743,13.76905292
458,puducherry,puducherry,950289,1.204763742,1029,85.44,12344944.6,6316881.825,15.65873626,13.76452143
459,baksa,assam,950075,1.20263199,974,69.25,2635136.291,5867483.733,15.58493643,13.76429621
460,ramgarh,jharkhand,949443,1.202904079,921,73.17,3251583.763,5919150.313,15.59370347,13.76363078
461,fatehabad,haryana,942011,1.203336425,902,67.92,4470366.618,5961351.298,15.60080774,13.75577223
462,darrang,assam,928500,1.203952085,954,63.08,6888720.372,6002070.701,15.60761508,13.74132566
463,mahendragarh,haryana,922088,1.20294789,895,77.72,3265619.957,5757340.888,15.56598627,13.73439594
464,muktsar,punjab,901896,1.203238426,896,65.81,3978655.652,5688181.375,15.55390114,13.71225449
465,pakur,jharkhand,900422,1.204659979,989,48.82,10907570.79,5964105.368,15.60126962,13.71061882
466,rewari,haryana,900332,1.203427506,898,80.99,4570385.62,5715558.675,15.55870261,13.71051886
467,north delhi,delhi,887978,1.202964031,869,86.85,3183831.355,5547465.025,15.52885163,13.69670225
468,kokrajhar,assam,887142,1.201994424,959,65.22,1474223.557,5358796.427,15.49424996,13.69576034
469,south tripura,tripura,876001,1.203025136,957,84.66,3290514.131,5484233.557,15.51738791,13.68312251
470,mahoba,uttar pradesh,875958,1.204119258,878,65.27,7312624.063,5695137.59,15.55512331,13.68307342
471,kupwara,jammu & kashmir,870354,1.205292933,835,64.51,16028991,5891490.612,15.5890196,13.6766553
472,pratapgarh,rajasthan,867848,1.204020107,983,55.97,6756471.628,5623167.938,15.54240575,13.67377186
473,jashpur,chhattisgarh,851669,1.203077017,1005,67.92,3327491.969,5341487.656,15.49101476,13.65495323
474,sindhudurg,maharashtra,849651,1.201138956,1036,85.56,679493.0737,4981504.459,15.4212425,13.65258096
475,ashoknagar,madhya pradesh,845071,1.204006272,904,66.42,6515125.741,5472975.739,15.51533304,13.64717593
476,udalguri,assam,831668,1.20250171,973,65.41,2081861.189,5113057.307,15.44730808,13.6311886
477,neemuch,madhya pradesh,826067,1.202981325,954,70.8,3001185.6,5163780.27,15.45717948,13.62443116
478,east khasi hills,meghalaya,825922,1.204271444,1011,84.15,7667419.056,5398034.958,15.50154555,13.62425562
479,kabirdham,chhattisgarh,822526,1.206087295,996,60.85,25026450.92,5721027.521,15.55965898,13.62013537
480,north goa,goa,818008,1.202297642,963,89.57,1740028.425,4993561.937,15.42366003,13.6146274
481,wayanad,kerala,817420,1.201936778,1035,89.03,1295170.236,4927743.953,15.41039183,13.61390832
482,kapurthala,punjab,815168,1.202320701,912,79.07,1766415.545,4980213.204,15.42098326,13.61114951
483,shimla,himachal pradesh,814010,1.202854504,915,83.64,2683568.487,5066105.376,15.43808291,13.60972793
484,tapi,gujarat,807022,1.202793399,1007,68.26,2537995.757,5011989.236,15.42734345,13.60110621
485,dhamtari,chhattisgarh,799781,1.202914455,1010,78.36,2760906.389,4987899.221,15.42252538,13.59209322
486,jamtara,jharkhand,791042,1.203828722,954,64.59,5374748.712,5091800.242,15.44314201,13.58110634
487,datia,madhya pradesh,786754,1.203522045,873,72.63,4281108.579,5010874.373,15.42712098,13.5756709
488,nalbari,assam,771639,1.202776105,949,78.63,2394454.649,4789372.07,15.38190987,13.5562721
489,mansa,punjab,769751,1.202749588,883,61.83,2339991.031,4773263.698,15.37854084,13.55382236
490,burhanpur,madhya pradesh,757847,1.203626961,951,64.36,4451777.749,4844283.959,15.39331,13.5382368
491,ariyalur,tamil nadu,754894,1.202378347,1015,71.34,1713105.644,4621217.661,15.34616879,13.53433262
492,badgam,jammu & kashmir,753745,1.204176905,894,56.08,6551516.735,4910295.067,15.40684459,13.53280939
493,anuppur,madhya pradesh,749237,1.202811845,976,67.88,2390103.891,4656093.066,15.35368726,13.52681063
494,kanker,chhattisgarh,748941,1.203130052,1006,70.29,3045729.313,4705829.415,15.3643126,13.52641549
495,bongaigaon,assam,738804,1.203767617,966,69.74,4804433.535,4745539.495,15.37271568,13.51278794
496,the nilgiris,tamil nadu,735394,1.200989077,1042,85.2,514449.97,4289087.603,15.27158459,13.50816169
497,kandhamal,odisha,733110,1.202904079,1037,64.13,2510702.14,4570456.874,15.33512373,13.50505104
498,alirajpur,madhya pradesh,728999,1.203636184,1011,36.1,4311103.738,4661366.83,15.35481927,13.49942764
499,latehar,jharkhand,726978,1.204807553,967,59.51,9725375.409,4839735.455,15.39237062,13.49665149
500,kodarma,jharkhand,716259,1.206399737,950,66.84,26373469.96,5035258.674,15.43197546,13.48179711
501,dindori,madhya pradesh,704524,1.203851781,1002,63.9,4866534.523,4538506.842,15.32810863,13.46527768
502,arwal,bihar,700843,1.203571621,928,67.43,3954340.024,4471352.57,15.31320151,13.46003918
503,north tripura,tripura,693947,1.203404447,967,87.5,3463273.01,4401859.922,15.29753772,13.45015087
504,sheopur,madhya pradesh,687861,1.204038554,901,57.43,5425412.637,4459787.193,15.31061161,13.44134206
505,pauri garhwal,uttarakhand,687271,1.20123119,1103,82.02,596288.8451,4042473.863,15.2123674,13.44048396
506,dhemaji,assam,686133,1.203696136,953,72.7,4237745.741,4396361.621,15.29628785,13.43882677
507,rupnagar,punjab,684627,1.202416393,915,82.19,1601534.328,4196607.022,15.2497869,13.43662944
508,jaisalmer,rajasthan,669919,1.205061195,852,57.22,10604883.34,4498858.028,15.31933415,13.41491209
509,hailakandi,assam,659296,1.203866769,951,74.33,4603155.353,4249346.296,15.26227572,13.39892788
510,korea,chhattisgarh,658917,1.202821069,968,70.64,2117000.644,4096113.478,15.22554915,13.39835286
511,sheohar,bihar,656246,1.204528546,893,53.78,7271036.797,4327172.335,15.28042485,13.394291
512,umaria,madhya pradesh,644758,1.204271444,950,65.89,5985589.166,4213989.001,15.25392026,13.37663033
513,west garo hills,meghalaya,643291,1.20417114,984,67.58,5568975.677,4189907.268,15.24818916,13.37435247
514,rajouri,jammu & kashmir,642415,1.205190323,860,68.17,11067402.9,4333293.546,15.28183845,13.37298979
515,south goa,goa,640537,1.202400252,986,87.59,1479238.16,3924145.228,15.18265911,13.37006217
516,sheikhpura,bihar,636342,1.203825263,930,63.86,4312939.643,4095534.529,15.2254078,13.36349143
517,almora,uttarakhand,622506,1.201246178,1139,80.47,547261.6413,3663448.265,15.11391541,13.34150855
518,tehri garhwal,uttarakhand,618931,1.201664689,1077,76.36,780765.6631,3695979.634,15.1227562,13.33574908
519,faridkot,punjab,617508,1.202787634,890,69.55,1933353.549,3834251.214,15.15948472,13.3334473
520,kathua,jammu & kashmir,616435,1.2037607,890,73.09,3988768.714,3958585.135,15.19139723,13.33170816
521,malkangiri,odisha,613192,1.203886368,1020,48.54,4341566.634,3954865.271,15.19045709,13.32643338
522,shahid bhagat singh nagar,punjab,612310,1.201881438,954,79.78,926613.7276,3684152.546,15.11955108,13.32499397
523,nuapada,odisha,610382,1.20312544,1021,57.35,2473633.481,3834608.048,15.15957778,13.32184027
524,subarnapur,odisha,610183,1.202847586,960,74.42,2000919.831,3796649.245,15.14962946,13.32151419
525,fatehgarh sahib,punjab,600163,1.202715,871,79.35,1776068.063,3717179.703,15.12847579,13.30495656
526,simdega,jharkhand,599578,1.203305296,997,67.99,2780265.041,3790242.549,15.14794057,13.30398135
527,barnala,punjab,595527,1.202894856,876,67.82,2025137.361,3711531.511,15.12695516,13.29720201
528,narmada,gujarat,590297,1.203094311,961,72.31,2336670.728,3704434.662,15.12504122,13.28838108
529,porbandar,gujarat,585449,1.202438299,950,75.78,1393618.818,3591399.254,15.09405245,13.28013435
530,central delhi,delhi,582320,1.200251207,892,85.14,205082.0148,3309648.081,15.01235242,13.2747754
531,solan,himachal pradesh,580320,1.203230356,880,83.68,2544637.347,3659007.322,15.11270245,13.27133495
532,jharsuguda,odisha,579505,1.202972102,953,78.86,2090642.873,3621353.689,15.10235846,13.26992957
533,gajapati,odisha,577817,1.202704624,1043,53.49,1696182.241,3577489.681,15.09017191,13.26701249
534,harda,madhya pradesh,570465,1.203728418,935,72.5,3606449.494,3659299.376,15.11278226,13.2542071
535,perambalur,tamil nadu,565223,1.203065488,1003,74.32,2189145.827,3543544.473,15.08063805,13.24497562
536,panchkula,haryana,561293,1.203679995,873,81.88,3426456.473,3594452.759,15.09490231,13.23799833
537,pulwama,jammu & kashmir,560440,1.20450664,912,63.48,6117392.326,3692662.198,15.12185822,13.23647747
538,udhampur,jammu & kashmir,554985,1.203789523,870,68.49,3666329.54,3567515.05,15.08737985,13.22669637
539,kodagu,karnataka,554519,1.20151942,1019,82.61,618014.1188,3294611.984,15.00779896,13.22585635
540,dantewada,chhattisgarh,533638,1.202786481,1020,42.12,1669275.313,3313350.401,15.01347044,13.18747299
541,khunti,jharkhand,531885,1.203967073,997,63.86,3988342.687,3440022.763,15.05098865,13.18418258
542,sirmaur,himachal pradesh,529855,1.203185392,918,78.8,2246366.785,3335625.153,15.02017067,13.18035866
543,una,himachal pradesh,521173,1.203268402,976,86.53,2351175.755,3290403.39,15.00652073,13.16383732
544,chamba,himachal pradesh,519080,1.202849892,986,72.17,1705199.266,3230050.937,14.98800846,13.15981329
545,imphal west,manipur,517992,1.20330299,1031,86.08,2397830.279,3274234.188,15.00159456,13.15771508
546,pithoragarh,uttarakhand,483439,1.20192179,1020,82.25,756533.3155,2912849.149,14.88464225,13.08868042
547,chirang,assam,482162,1.202701165,969,63.55,1411578.873,2984894.354,14.90907491,13.08603544
548,senapati,manipur,479148,1.209341993,937,63.6,90739123.15,3721077.58,15.12952386,13.07976481
549,punch,jammu & kashmir,476835,1.204618473,893,66.74,5616293.882,3153900.491,14.9641505,13.0749258
550,lohardaga,jharkhand,461790,1.204469747,985,67.61,4915017.53,3038813.554,14.92697772,13.04286552
551,imphal east,manipur,456113,1.203181933,1017,81.95,1928716.026,2871049.52,14.87018821,13.03049586
552,hamirpur,himachal pradesh,454768,1.202568579,1095,88.15,1200084.229,2802389.191,14.84598289,13.02754268
553,baudh,orissa,441162,1.203487457,991,71.61,2340469.144,2806426.955,14.84742269,12.99716743
554,kullu,himachal pradesh,437903,1.203095464,942,79.4,1734935.431,2748189.11,14.82645275,12.9897527
555,kulgam,jammu & kashmir,424483,1.20228496,951,59.23,893772.3199,2590131.526,14.76721921,12.95862724
556,thoubal,manipur,422168,1.203231509,1002,74.47,1852756.184,2661940.666,14.79456599,12.95315862
557,doda,jammu & kashmir,409936,1.204621932,919,64.68,4839670.066,2711736.817,14.81309988,12.92375633
558,aizawl,mizoram,400309,1.204036248,1009,97.89,3152251.573,2595220.703,14.76918212,12.89999203
559,jaintia hills,meghalaya,395124,1.20509463,1013,61.64,6393837.374,2656508.994,14.79252341,12.88695492
560,bandipora,jammu & kashmir,392232,1.204696872,889,56.28,4871255.71,2601313.306,14.77152699,12.87960878
561,chamoli,uttarakhand,391605,1.202055529,1019,82.65,684291.7261,2370530.798,14.67862445,12.87800896
562,west khasi hills,meghalaya,383461,1.204798329,980,77.87,5098293.762,2552019.737,14.75239566,12.8569932
563,bilaspur,himachal pradesh,381956,1.202783022,981,84.59,1191603.981,2371274.8,14.67893826,12.8530607
564,dimapur,nagaland,378811,1.21606929,919,84.79,1393881545,3675849.366,15.11729478,12.84479268
565,dhalai,tripura,378230,1.204028178,944,85.72,2961471.659,2451399.764,14.71216975,12.84325776
566,dadra and nagar haveli,dadra & nagar haveli and daman & diu,343709,1.207836277,774,76.24,29113530.59,2537064.018,14.74651807,12.74755065
567,uttarkashi,uttarakhand,330086,1.202764576,958,75.81,1015172.497,2047943.333,14.5323466,12.70710851
568,samba,jammu & kashmir,318898,1.203354871,886,81.41,1534198.624,2019377.43,14.51829982,12.67262658
569,east garo hills,meghalaya,317917,1.204491652,972,73.95,3434813.414,2093632.281,14.55441105,12.66954562
570,reasi,jammu & kashmir,314667,1.204511252,890,58.15,3445530.118,2073626.406,14.54480952,12.65927022
571,debagarh,odisha,312520,1.203008995,975,72.57,1159597.505,1955448.731,14.48613026,12.65242375
572,ganderbal,jammu & kashmir,297446,1.205601916,874,58.04,6679356.852,2034841.428,14.52592845,12.60298797
573,ramban,jammu & kashmir,283713,1.205081948,902,54.27,4552914.814,1906638.122,14.4608521,12.55571844
574,east sikkim,sikkim,283583,1.203207298,873,83.85,1222192.808,1786609.018,14.39582998,12.55526013
575,churachandpur,manipur,274143,1.20373303,975,82.78,1738891.201,1758794.959,14.38013945,12.52140515
576,kohima,nagaland,267988,1.21659041,928,85.23,1200706930,2644988.977,14.78817746,12.49869748
577,shupiyan,jammu & kashmir,266215,1.204387889,951,60.76,2678575.03,1746905.226,14.37335634,12.49205953
578,bageshwar,uttarakhand,259898,1.201875673,1090,80.01,391423.1147,1563442.914,14.26240094,12.46804453
579,champawat,uttarakhand,259648,1.203195768,980,79.83,1109405.305,1635163.148,14.30725314,12.46708215
580,ri bhoi,meghalaya,258840,1.205343661,953,75.67,4926038.702,1755153.939,14.37806713,12.46396539
581,bijapur,chhattisgarh,255230,1.202406017,984,40.86,592137.0903,1563937.929,14.26271751,12.44992038
582,mon,nagaland,250260,1.210658629,899,56.99,91157772.96,2031209.193,14.52414184,12.43025566
583,rudraprayag,uttarakhand,242285,1.20214661,1114,81.3,456085.0091,1471294.362,14.20165309,12.39787
584,south andaman,andaman & nicobar islands,238142,1.203034359,871,89.13,900819.4706,1491372.141,14.21520715,12.38062241
585,bishnupur,manipur,237399,1.202999772,999,75.85,874701.4753,1484939.628,14.21088467,12.37749755
586,kishtwar,jammu & kashmir,230696,1.203801052,920,56.2,1536684.029,1483533.521,14.20993731,12.34885611
587,the dangs,gujarat,228291,1.203960155,1006,75.16,1703463,1476144.282,14.20494403,12.33837641
588,dima hasao,assam,214102,1.202989395,932,77.54,782653.614,1338734.896,14.10723562,12.27420782
589,karaikal,puducherry,200222,1.203380236,1047,87.05,981520.659,1268990.234,14.05373205,12.20718203
590,tuensang,nagaland,196596,1.212326907,929,73.08,154929094.5,1686772.019,14.33832721,12.18890614
591,mokokchung,nagaland,194622,1.208419656,925,91.62,22689864.43,1465200.377,14.19750257,12.17881449
592,daman,dadra & nagar haveli and daman & diu,191173,1.209200184,534,88.07,33652407.94,1477592.307,14.2059245,12.16093406
593,ukhrul,manipur,183998,1.204933221,943,81.35,2676510.665,1230230.986,14.0227125,12.12268017
594,papumpare,arunachal pradesh,176573,1.20655077,980,79.95,7120490.591,1247700.584,14.03681288,12.08148967
595,wokha,nagaland,166343,1.212785769,968,87.69,160467387.8,1449066.586,14.18643017,12.0218072
596,phek,nagaland,163418,1.214288026,951,78.05,297426437.1,1495903.489,14.21824092,12.00406661
597,lunglei,mizoram,161428,1.203427506,947,88.86,819462.3871,1024789.973,13.83999824,11.9918145
598,changlang,arunachal pradesh,148226,1.203489763,926,59.8,787706.1667,943006.3813,13.75682833,11.90649342
599,south sikkim,sikkim,146850,1.202736906,915,81.42,442039.6485,910223.7371,13.72144571,11.89716694
600,lohit,arunachal pradesh,145726,1.203306449,912,68.18,676316.6312,921246.1186,13.73348251,11.88948343
601,chandel,manipur,144182,1.203912886,933,71.11,1040318.641,930772.069,13.7437697,11.87883167
602,south garo hills,meghalaya,142334,1.206114966,945,71.72,4405137.375,990930.3419,13.80639952,11.86593169
603,new delhi,delhi,142004,1.199004899,822,88.34,13929.54699,772448.4028,13.55732049,11.86361051
604,kargil,ladakh,140802,1.203471317,810,71.34,738184.5083,895204.5543,13.70480752,11.85510993
605,zunheboto,nagaland,140757,1.210392304,976,85.26,45070230.81,1132311.778,13.93977192,11.85479028
606,tamenglong,manipur,140651,1.204408642,943,70.05,1435540.247,923612.2264,13.73604759,11.85403692
607,narayanpur,chhattisgarh,139820,1.20360275,994,48.62,807001.3165,893005.8592,13.70234842,11.84811116
608,west sikkim,sikkim,136435,1.202626225,942,77.39,376712.1865,842428.3076,13.64404384,11.82360359
609,leh,ladakh,133487,1.202992854,690,77.2,489251.5152,834766.1901,13.63490695,11.80175937
610,champhai,mizoram,125745,1.203239579,984,95.91,555194.2929,793094.6483,13.58369785,11.74201133
611,lawngtlai,mizoram,117894,1.208327422,945,65.88,13076452.63,884798.2319,13.69311491,11.67754119
612,west siang,arunachal pradesh,112274,1.202320701,930,66.46,243290.3878,685930.3325,13.43853135,11.62869759
613,tirap,arunachal pradesh,111975,1.202732294,944,52.19,335855.2585,693946.252,13.45014979,11.62603091
614,north and middle andaman,andaman & nicobar islands,105597,1.201391446,925,83.91,105385.996,624597.8674,13.34486331,11.56738524
615,east siang,arunachal pradesh,99214,1.202952502,980,72.54,352611.7531,619572.1743,13.33678448,11.50503441
616,peren,nagaland,95219,1.213401429,915,77.95,119733991,846533.6516,13.64890523,11.46393478
617,kurung kumey,arunachal pradesh,92076,1.214832205,1032,48.75,208895397.7,858045.045,13.66241188,11.4303696
618,mamit,mizoram,86364,1.205724125,927,84.93,2095339.597,593294.1309,13.29344556,11.3663262
619,kinnaur,himachal pradesh,84121,1.202245761,819,80,171610.1024,512594.9813,13.1472413,11.34001152
620,kolasib,mizoram,83955,1.204538922,956,93.5,936802.9126,553782.2135,13.22452677,11.33803622
621,west kameng,arunachal pradesh,83947,1.202838363,819,67.07,273330.672,522163.7752,13.16573656,11.33794093
622,upper subansiri,arunachal pradesh,83448,1.207248287,998,63.8,5068195.071,603810.6332,13.31101591,11.33197896
623,lower subansiri,arunachal pradesh,83030,1.207043067,984,74.35,4478140.57,596613.793,13.29902527,11.32695727
624,east kameng,arunachal pradesh,78690,1.205731043,1029,60.02,1917498.71,540703.9545,13.20062719,11.27327136
625,kiphire,nagaland,74004,1.205841723,956,69.54,1933128.682,510432.0027,13.14301271,11.21187442
626,serchhip,mizoram,64937,1.203764159,977,97.91,421235.1599,417058.2807,12.94098125,11.08117285
627,lakshadweep,lakshadweep,64473,1.202120093,946,91.85,118771.0304,391156.4293,12.87686283,11.07400181
628,saiha,mizoram,56574,1.200547508,979,90.01,26396.10485,324899.6626,12.69127168,10.94330479
629,yanam,puducherry,55626,1.210293153,1038,79.47,16969533.86,445998.0128,13.00806978,10.926406
630,lower dibang valley,arunachal pradesh,54080,1.202223855,928,69.13,108388.832,329288.0432,12.70468816,10.89821971
631,diu,daman and diu,52074,1.203442494,1031,83.46,267280.7549,330751.5402,12.70912274,10.86042106
632,longleng,nagaland,50484,1.1989069,905,72.17,4446.066029,273665.2833,12.51966104,10.82941173
633,tawang,arunachal pradesh,49977,1.204668049,714,59,608723.9935,331123.3503,12.71024624,10.81931818
634,north sikkim,sikkim,43709,1.20214661,767,78.01,82279.21523,265426.276,12.4890924,10.68530931
635,mahe,puducherry,41816,1.202954808,1184,97.87,148878.2948,261153.6605,12.47286425,10.64103432
636,nicobars,andaman & nicobar islands,36842,1.199961824,777,78.06,9781.210531,207276.5164,12.24180901,10.51439378
637,upper siang,arunachal pradesh,35320,1.202070517,889,59.99,62481.26672,213916.5994,12.2733415,10.47220465
638,lahul and spiti,himachal pradesh,31564,1.200817291,903,76.81,18898.53275,182989.9351,12.11718643,10.35977251
639,anjaw,arunachal pradesh,21167,1.203029748,839,56.46,79788.45202,132537.8726,11.79462371,9.960198644
640,dibang valley,arunachal pradesh,8004,1.202554744,813,64.1,20892.8047,49298.88881,10.80565682,8.987696696
