state_name,district_no,prob_wealthq_1,prob_wealthq_2,prob_wealthq_3,prob_wealthq_4,prob_wealthq_5
jammu & kashmir,1,0.138206599,0.260756846,0.254971355,0.250938945,0.095126255
jammu & kashmir,2,0.091798104,0.155267851,0.256795845,0.273096591,0.223041609
ladakh,3,0.02372189,0.173910418,0.292836409,0.392375561,0.117155722
ladakh,4,0.212166028,0.389444848,0.220807286,0.139382022,0.038199817
jammu & kashmir,5,0.152636694,0.300749965,0.144408914,0.243176011,0.159028415
jammu & kashmir,6,0.221467027,0.208837144,0.203601919,0.199109612,0.166984298
jammu & kashmir,7,0.057117558,0.112180046,0.103231923,0.283221123,0.44424935
jammu & kashmir,8,0.134020029,0.244915382,0.275424733,0.18780586,0.157833995
jammu & kashmir,9,0.186074989,0.257358133,0.269281191,0.175765726,0.11151996
jammu & kashmir,10,0.013607409,0.037727868,0.151917107,0.395581154,0.401166462
jammu & kashmir,11,0.172300948,0.219990471,0.176879257,0.26404963,0.166779693
jammu & kashmir,12,0.038145586,0.107953984,0.302832137,0.423070899,0.127997393
jammu & kashmir,13,0.020636868,0.166550607,0.322401547,0.35222679,0.138184188
jammu & kashmir,14,0.06611249,0.143539574,0.318264197,0.367334932,0.104748807
jammu & kashmir,15,0.180242204,0.295199116,0.241910386,0.216854148,0.065794146
jammu & kashmir,16,0.227433675,0.304590373,0.207262804,0.15164487,0.109068278
jammu & kashmir,17,0.343764894,0.270063468,0.162265245,0.16188735,0.062019043
jammu & kashmir,18,0.228922376,0.277275606,0.229008967,0.178081678,0.086711373
jammu & kashmir,19,0.254037076,0.192890177,0.139621743,0.175938181,0.237512823
jammu & kashmir,20,0.283218133,0.239168349,0.211752532,0.149635482,0.116225504
jammu & kashmir,21,0.018036763,0.048375256,0.089516019,0.252008868,0.592063093
jammu & kashmir,22,0.028369657,0.129140734,0.179963432,0.297048955,0.365477223
himachal pradesh,23,0.074066959,0.231920764,0.343604435,0.235653295,0.114754548
himachal pradesh,24,0.01475972,0.138836537,0.258425064,0.293425632,0.294553048
himachal pradesh,25,0.190083322,0.433714385,0.263431964,0.101212258,0.011558071
himachal pradesh,26,0.089469672,0.336953329,0.182109282,0.181370683,0.210097034
himachal pradesh,27,0.028727046,0.132215439,0.271922867,0.293226972,0.273907676
himachal pradesh,28,0.051923611,0.099408897,0.115874838,0.331914556,0.400878098
himachal pradesh,29,0.061855031,0.104683782,0.092714943,0.232402062,0.508344182
himachal pradesh,30,0.01682421,0.095390572,0.323817045,0.380369543,0.18359863
himachal pradesh,31,0.008530058,0.074548119,0.165773195,0.433588749,0.317559879
himachal pradesh,32,0.058888637,0.09082411,0.256897438,0.293748984,0.29964083
himachal pradesh,33,0.063509856,0.137984297,0.236841078,0.323377571,0.238287199
himachal pradesh,34,0.077003854,0.238494256,0.29622759,0.252669192,0.135605108
punjab,35,0.058297236,0.038773092,0.085835784,0.164518007,0.652575881
punjab,36,0.019342286,0.009442356,0.091582715,0.267146903,0.61248574
punjab,37,0.017373224,0.034509674,0.056500162,0.202262615,0.689354325
punjab,38,0.013030757,0.042157246,0.062038387,0.202203338,0.680570272
punjab,39,0.003803477,0.028566622,0.084357383,0.241620411,0.641652106
punjab,40,0.008048837,0.056064242,0.103479761,0.292910878,0.539496282
punjab,41,0.019277491,0.067611947,0.227503728,0.238613657,0.446993177
punjab,42,0.022933729,0.132500949,0.186929257,0.255600404,0.40203566
punjab,43,0.010763062,0.118188919,0.147871572,0.301110546,0.4220659
punjab,44,0.006106175,0.127825756,0.197049735,0.197258665,0.471759669
punjab,45,0.012945223,0.119567082,0.221812114,0.291366197,0.354309385
punjab,46,0,0.056762506,0.104873446,0.203109608,0.635254441
punjab,47,0.003662868,0.049283867,0.092491206,0.219935255,0.634626804
punjab,48,0.015610509,0.122632908,0.193093593,0.273635972,0.395027018
punjab,49,0.010337086,0.027728645,0.100319092,0.218478877,0.6431363
punjab,50,0.010247699,0.038012569,0.081170332,0.169419845,0.701149555
punjab,51,0.003662632,0.018162116,0.119947166,0.286685587,0.571542499
punjab,52,0.004262609,0.050441914,0.146540226,0.253925548,0.544829704
chandigarh,53,0.029658542,0.018831798,0.041682136,0.155379625,0.754447898
uttarakhand,54,0.100555137,0.316229591,0.316941217,0.131414739,0.134859317
uttarakhand,55,0.031254753,0.293755551,0.378003838,0.213434495,0.083551364
uttarakhand,56,0.039196789,0.280017098,0.332302346,0.250225959,0.098257809
uttarakhand,57,0.056753614,0.275345131,0.307373314,0.193421785,0.167106157
uttarakhand,58,0.005718115,0.045825956,0.119024742,0.245368164,0.584063024
uttarakhand,59,0.066247571,0.279413575,0.353455655,0.111514175,0.189369024
uttarakhand,60,0.071600743,0.262991385,0.347243301,0.229498949,0.088665622
uttarakhand,61,0.053979402,0.360242596,0.308443841,0.163561782,0.113772378
uttarakhand,62,0.145740491,0.359701428,0.249688854,0.145527743,0.099341484
uttarakhand,63,0.13287652,0.301721553,0.26024798,0.154900597,0.15025335
uttarakhand,64,0.106711065,0.101771182,0.150053899,0.182508571,0.458955282
uttarakhand,65,0.056122178,0.137831855,0.236206806,0.289269105,0.280570057
uttarakhand,66,0.067672858,0.166143373,0.204526998,0.275723706,0.285933066
haryana,67,0.006620127,0.028152892,0.069627434,0.203176091,0.692423455
haryana,68,0.042939098,0.062356339,0.087657601,0.294497705,0.512549257
haryana,69,0.0069829,0.100614967,0.099602192,0.314633698,0.478166244
haryana,70,0.003017062,0.052688048,0.192298456,0.264919682,0.487076752
haryana,71,0,0.074001226,0.280827351,0.191491776,0.453679648
haryana,72,0.016463832,0.055301421,0.171038702,0.229367378,0.527828666
haryana,73,0.019005581,0.121711198,0.163913297,0.291703393,0.403666532
haryana,74,0.003137743,0.040839546,0.102144313,0.312272785,0.541605612
haryana,75,0.003243916,0.05605961,0.211591694,0.36726979,0.36183499
haryana,76,0.010718202,0.09303799,0.141906991,0.313874718,0.4404621
haryana,77,0.053640186,0.046612511,0.26203746,0.299094766,0.338615077
haryana,78,0.011208629,0.093529239,0.12001998,0.312760132,0.46248202
haryana,79,0.023404877,0.096888188,0.153233791,0.209037627,0.517435516
haryana,80,0.007885684,0.041905997,0.114020298,0.239639719,0.596548301
haryana,81,0.020487779,0.111534132,0.172545467,0.302506488,0.392926135
haryana,82,0.003398729,0.048344801,0.106462372,0.336551138,0.50524296
haryana,83,0.023920985,0.06959993,0.128438837,0.239097971,0.538942276
haryana,84,0.169197252,0.340891539,0.233403201,0.170033149,0.086474858
haryana,85,0,0.059963201,0.180671219,0.225338225,0.534027356
haryana,86,0.054237773,0.145193416,0.250130746,0.265781213,0.284656852
rajasthan,87,0.052011773,0.187868995,0.222898868,0.219652405,0.317567959
rajasthan,88,0.034546371,0.160743445,0.276587971,0.307287002,0.220835212
rajasthan,89,0.096816546,0.197683631,0.21202335,0.215832639,0.277643834
rajasthan,90,0.081134655,0.232485569,0.208998555,0.274885919,0.202495302
rajasthan,91,0.007882528,0.14347595,0.286255014,0.298456213,0.263930295
rajasthan,92,0.121771214,0.196649761,0.228418326,0.24706951,0.20609119
rajasthan,93,0.173580538,0.272038021,0.270567791,0.193924991,0.089888659
rajasthan,94,0.226213301,0.33316375,0.230059747,0.128572482,0.08199072
rajasthan,95,0.248672769,0.343789088,0.239294659,0.129084306,0.039159178
rajasthan,96,0.17824194,0.330549114,0.207941328,0.205573044,0.077694574
rajasthan,97,0.11980583,0.312460402,0.25919567,0.230387669,0.078150429
rajasthan,98,0.033786092,0.163309903,0.238590916,0.258146665,0.306166425
rajasthan,99,0.044305669,0.166560987,0.194340559,0.288884676,0.30590811
rajasthan,100,0.045993964,0.165636002,0.220961057,0.325863482,0.241545495
rajasthan,101,0.099639204,0.227857496,0.195237704,0.253253604,0.224011991
rajasthan,102,0.185579582,0.220938811,0.277735453,0.206942092,0.108804062
rajasthan,103,0.151670343,0.29640154,0.283595645,0.199284273,0.069048199
rajasthan,104,0.146443834,0.239265384,0.303837171,0.213557474,0.096896137
rajasthan,105,0.33368674,0.170951172,0.209182533,0.162888787,0.123290769
rajasthan,106,0.020178467,0.127556766,0.283613801,0.322774325,0.24587664
rajasthan,107,0.014184314,0.175001347,0.316019294,0.22362381,0.271171235
rajasthan,108,0.16731727,0.289951067,0.188927702,0.237887401,0.115916559
rajasthan,109,0.282311555,0.268931861,0.227340841,0.117652097,0.103763646
rajasthan,110,0.133371776,0.261521733,0.321288975,0.189106919,0.094710596
rajasthan,111,0.141741428,0.256199191,0.272161584,0.191562142,0.138335655
rajasthan,112,0.329255494,0.355025876,0.123315497,0.11581929,0.076583843
rajasthan,113,0.629347185,0.137091441,0.075610059,0.065258913,0.092692402
rajasthan,114,0.195373868,0.260543383,0.228683155,0.172272375,0.143127218
rajasthan,115,0.042033898,0.140156552,0.192474216,0.251074833,0.374260501
rajasthan,116,0.233481769,0.266567258,0.205173912,0.165885401,0.128891661
rajasthan,117,0.259903379,0.338614876,0.165380003,0.118516058,0.117585685
rajasthan,118,0.330772596,0.243415088,0.134401908,0.135154379,0.156256029
rajasthan,119,0.623866807,0.187825293,0.065010683,0.074114105,0.049183112
uttar pradesh,120,0.089261413,0.166842133,0.198013006,0.223808095,0.322075353
uttar pradesh,121,0.078735485,0.200606469,0.230579191,0.243230264,0.246848591
uttar pradesh,122,0.09398157,0.273178627,0.273894347,0.173361426,0.185584031
uttar pradesh,123,0.093409291,0.224366597,0.208547473,0.244965284,0.228711355
uttar pradesh,124,0.0128948,0.112378319,0.176873921,0.236353275,0.461499685
uttar pradesh,125,0.039829376,0.175925067,0.168822408,0.288146577,0.327276572
uttar pradesh,126,0.004439292,0.082235219,0.171652313,0.259204539,0.482468638
uttar pradesh,127,0.045277197,0.18996219,0.244816491,0.255003681,0.264940441
uttar pradesh,128,0.136765138,0.173096645,0.205470557,0.26569886,0.218968799
uttar pradesh,129,0.179201441,0.228325951,0.259071804,0.209206326,0.124194478
uttar pradesh,130,0.074368817,0.193869424,0.223080044,0.302502134,0.206179581
uttar pradesh,131,0.065798973,0.144517085,0.220983938,0.252813609,0.315886394
uttar pradesh,132,0.109478903,0.307051106,0.232716222,0.208401088,0.142352682
uttar pradesh,133,0.223531049,0.30560415,0.199053559,0.147658197,0.124153046
uttar pradesh,134,0.124714811,0.255678059,0.202587631,0.185093137,0.231926362
uttar pradesh,135,0.202206544,0.391815544,0.1617881,0.123168152,0.12102166
uttar pradesh,136,0.288933208,0.297981607,0.181616435,0.110093904,0.121374845
uttar pradesh,137,0.462482977,0.28030204,0.12570203,0.089314253,0.0421987
uttar pradesh,138,0.59253674,0.214481992,0.092593877,0.068629917,0.031757474
uttar pradesh,139,0.496230506,0.267989893,0.128318787,0.069274634,0.038186181
uttar pradesh,140,0.424601511,0.218660532,0.131959794,0.099185898,0.125592265
uttar pradesh,141,0.129913071,0.154215388,0.158117895,0.246180494,0.311573151
uttar pradesh,142,0.221239827,0.350354536,0.208738267,0.117259569,0.1024078
uttar pradesh,143,0.40786976,0.276597374,0.167099898,0.100988241,0.047444727
uttar pradesh,144,0.137329294,0.234281815,0.244925126,0.171106207,0.212357558
uttar pradesh,145,0.330187123,0.289277192,0.191537144,0.124313908,0.064684633
uttar pradesh,146,0.352181375,0.281189573,0.211202867,0.119755352,0.035670832
uttar pradesh,147,0.177741172,0.162512848,0.174505567,0.207868358,0.277372055
uttar pradesh,148,0.329810055,0.221727956,0.197809591,0.147243053,0.103409345
uttar pradesh,149,0.265620206,0.232764533,0.140140669,0.205569167,0.155905425
uttar pradesh,150,0.450333378,0.253535493,0.149723933,0.106755726,0.039651471
uttar pradesh,151,0.281058276,0.276694492,0.209574225,0.148302352,0.084370654
uttar pradesh,152,0.301250967,0.315508785,0.175112429,0.143678879,0.06444894
uttar pradesh,153,0.584550066,0.260043043,0.061287083,0.048983883,0.045135925
uttar pradesh,154,0.556037962,0.233779146,0.112222668,0.059606736,0.038353487
uttar pradesh,155,0.52018635,0.235846662,0.092859425,0.090011787,0.061095777
uttar pradesh,156,0.316759947,0.287479033,0.187527318,0.148518405,0.059715297
uttar pradesh,157,0.549847561,0.173739477,0.123361906,0.097495299,0.055555757
uttar pradesh,158,0.393864941,0.209114632,0.138504998,0.151922673,0.106592757
uttar pradesh,159,0.476932233,0.273508919,0.143513842,0.061531263,0.044513742
uttar pradesh,160,0.276621223,0.233552213,0.203122044,0.145910009,0.140794512
uttar pradesh,161,0.295064484,0.370296241,0.190170293,0.103037628,0.041431354
uttar pradesh,162,0.615260622,0.241345371,0.066880809,0.049591184,0.026922014
uttar pradesh,163,0.553775881,0.291495829,0.102373708,0.041340188,0.011014393
uttar pradesh,164,0.412954978,0.256370767,0.205651272,0.100938503,0.024084479
uttar pradesh,165,0.303042883,0.354298772,0.196405079,0.11003017,0.036223096
uttar pradesh,166,0.299949632,0.371753458,0.199581483,0.079932619,0.048782807
uttar pradesh,167,0.221325151,0.345237243,0.245955288,0.10510588,0.082376438
uttar pradesh,168,0.293838575,0.367538547,0.187306655,0.100947958,0.050368265
uttar pradesh,169,0.217190446,0.356974815,0.263834804,0.12739748,0.034602455
uttar pradesh,170,0.157379792,0.301336723,0.234417095,0.181671045,0.125195345
uttar pradesh,171,0.263797783,0.312176664,0.233227368,0.150380442,0.040417743
uttar pradesh,172,0.137886181,0.290054813,0.274880238,0.14922973,0.147949037
uttar pradesh,173,0.233769114,0.338177385,0.179600076,0.153460866,0.09499256
uttar pradesh,174,0.229736715,0.245797887,0.23479033,0.155825395,0.133849673
uttar pradesh,175,0.301104204,0.301871508,0.173591734,0.161788122,0.061644432
uttar pradesh,176,0.153042188,0.35744,0.262363382,0.146007561,0.081146869
uttar pradesh,177,0.329623127,0.315035443,0.197839015,0.112349558,0.045152857
uttar pradesh,178,0.322134849,0.265663748,0.140771499,0.119760897,0.151669007
uttar pradesh,179,0.117033534,0.247180045,0.212183396,0.158873745,0.26472928
uttar pradesh,180,0.252847967,0.301650073,0.222760303,0.138014525,0.084727132
uttar pradesh,181,0.36754091,0.250511128,0.139920054,0.123232207,0.118795701
uttar pradesh,182,0.577920097,0.172253399,0.095278688,0.096957827,0.057589989
uttar pradesh,183,0.280140795,0.291155378,0.221489982,0.130045308,0.077168536
uttar pradesh,184,0.293158431,0.335826582,0.199965022,0.0996873,0.071362665
bihar,185,0.552963285,0.256109784,0.105035528,0.049929198,0.035962205
bihar,186,0.486654178,0.26972037,0.139608,0.084620787,0.019396665
bihar,187,0.577633485,0.261830268,0.115301321,0.033680767,0.011554158
bihar,188,0.495913939,0.33090245,0.10414418,0.062191442,0.006847989
bihar,189,0.570248054,0.271780477,0.092851884,0.05647681,0.008642775
bihar,190,0.761993491,0.195375336,0.024457794,0.008306037,0.009867342
bihar,191,0.733892042,0.167285486,0.058838211,0.028010531,0.011973731
bihar,192,0.596384853,0.240395921,0.101297205,0.054044405,0.007877615
bihar,193,0.708921184,0.187310229,0.060083118,0.033691847,0.009993623
bihar,194,0.654629175,0.227424942,0.059646668,0.052676861,0.005622354
bihar,195,0.808176752,0.133588132,0.037643739,0.01902221,0.001569168
bihar,196,0.680401033,0.224167425,0.06749688,0.009250653,0.018684008
bihar,197,0.503759324,0.258629897,0.141807375,0.068635931,0.027167473
bihar,198,0.497948743,0.232917996,0.13596464,0.084347915,0.048820706
bihar,199,0.335469089,0.303157376,0.247713508,0.082831176,0.030828851
bihar,200,0.276195184,0.274842099,0.264046164,0.117161185,0.067755367
bihar,201,0.391256237,0.33140027,0.163547475,0.091080012,0.022716006
bihar,202,0.412418835,0.336556461,0.153048664,0.073769539,0.0242065
bihar,203,0.578907663,0.299769063,0.067637349,0.037177941,0.016507984
bihar,204,0.431004289,0.308449272,0.178169424,0.076252661,0.006124353
bihar,205,0.562129664,0.241248039,0.09362483,0.082648916,0.020348551
bihar,206,0.379421011,0.268341198,0.17951249,0.086478615,0.086246686
bihar,207,0.568738664,0.266551925,0.112662249,0.039684074,0.012363088
bihar,208,0.302362078,0.282772828,0.184912841,0.159082779,0.070869473
bihar,209,0.413630003,0.28876983,0.139591046,0.115043165,0.042965956
bihar,210,0.392133431,0.296648271,0.165304973,0.094391365,0.05152196
bihar,211,0.294598495,0.317070739,0.246422774,0.107731122,0.03417687
bihar,212,0.311367727,0.208939616,0.18759796,0.18204792,0.110046776
bihar,213,0.378535072,0.296768492,0.134273009,0.140398742,0.050024685
bihar,214,0.26904731,0.307839432,0.264269212,0.103086853,0.055757193
bihar,215,0.421066919,0.332765742,0.135901911,0.086716288,0.023549141
bihar,216,0.225528598,0.3149951,0.233527456,0.171012081,0.054936765
bihar,217,0.371709987,0.295616358,0.171885923,0.103768885,0.057018847
bihar,218,0.451066907,0.286598799,0.132696939,0.100625736,0.029011619
bihar,219,0.353998151,0.320949423,0.158201894,0.111952602,0.05489793
bihar,220,0.542165448,0.23034984,0.110322999,0.086174605,0.030987108
bihar,221,0.441297959,0.268981186,0.155567219,0.098012285,0.03614135
bihar,222,0.519633221,0.250258642,0.136318138,0.088605514,0.005184486
sikkim,223,0.052327796,0.296147164,0.44202336,0.199070121,0.01043156
sikkim,224,0.071346094,0.33149817,0.388711102,0.198136526,0.010308108
sikkim,225,0.084837498,0.17766841,0.33954715,0.317491062,0.08045588
sikkim,226,0.007912234,0.141951513,0.355506965,0.380451569,0.114177719
arunachal pradesh,227,0.0119668,0.182460771,0.452444962,0.330438097,0.022689369
arunachal pradesh,228,0.019529044,0.112613079,0.472175378,0.368462851,0.027219647
arunachal pradesh,229,0.281799311,0.370361346,0.233554463,0.105895933,0.008388946
arunachal pradesh,230,0.134726489,0.276382751,0.22821327,0.221495516,0.139181974
arunachal pradesh,231,0.431699211,0.335589888,0.168368099,0.058190836,0.006151966
arunachal pradesh,232,0.335296516,0.310354509,0.237946072,0.100043775,0.016359128
arunachal pradesh,233,0.313562317,0.392984994,0.159770928,0.112438614,0.021243147
arunachal pradesh,234,0.14465598,0.351561605,0.313087613,0.134793786,0.055901016
arunachal pradesh,235,0.126580727,0.374100148,0.315805955,0.166920267,0.016592903
arunachal pradesh,236,0.230079189,0.250535703,0.212019029,0.24441451,0.06295157
arunachal pradesh,237,0.353700599,0.445808945,0.156099332,0.044391124,0
nagaland,238,0.655621659,0.232737863,0.069233108,0.033910329,0.008497041
nagaland,239,0.240818971,0.282745275,0.229735752,0.201524876,0.045175126
nagaland,240,0.411948722,0.384315047,0.163881026,0.030789386,0.009065819
nagaland,241,0.224201498,0.321257484,0.231553395,0.176936072,0.046051551
nagaland,242,0.059178117,0.227829818,0.273607362,0.253704591,0.185680113
nagaland,243,0.51406524,0.300732275,0.139948984,0.031655657,0.013597843
nagaland,244,0.585077653,0.287434566,0.091603422,0.022268697,0.013615662
nagaland,245,0.578778358,0.320703756,0.087230319,0.011020145,0.002267421
nagaland,246,0.727145846,0.178520319,0.058159557,0.036174278,0
nagaland,247,0.136116529,0.201055449,0.286627571,0.272250799,0.103949653
nagaland,248,0.427904442,0.307049155,0.150498612,0.100305619,0.014242172
manipur,249,0.309975177,0.401197161,0.225607665,0.035510335,0.027709663
manipur,250,0.564466843,0.266872235,0.120101938,0.046029203,0.00252978
manipur,251,0.264800566,0.329756272,0.207410174,0.151714778,0.04631821
manipur,252,0.2165953,0.318991812,0.286812591,0.126361221,0.051239076
manipur,253,0.121648278,0.422693352,0.27945709,0.136597795,0.039603484
manipur,254,0.0600177,0.266885396,0.220386051,0.29537706,0.157333792
manipur,255,0.146428166,0.317324543,0.219444183,0.199450271,0.117352837
manipur,256,0.56172127,0.313051194,0.093950848,0.031276688,0
manipur,257,0.216032129,0.324115332,0.29880339,0.154612397,0.006436751
mizoram,258,0.21217797,0.257411939,0.221164112,0.250179356,0.059066623
mizoram,259,0.081710141,0.182686751,0.313020221,0.264808973,0.157773914
mizoram,260,0.025605869,0.05993761,0.169259667,0.342693644,0.402503211
mizoram,261,0.039599228,0.182655396,0.446562409,0.234735614,0.096447353
mizoram,262,0.026096711,0.189385069,0.351445899,0.312510319,0.120562002
mizoram,263,0.080217068,0.191709908,0.269727234,0.31784503,0.140500761
mizoram,264,0.370888524,0.203766488,0.17592516,0.188506733,0.060913096
mizoram,265,0.076278844,0.268272219,0.328155893,0.248574137,0.078718907
tripura,266,0.575275266,0.232270525,0.161597391,0.030856818,0
meghalaya,267,0.347161629,0.44876836,0.189808793,0.014261218,0
meghalaya,268,0.467675479,0.352391462,0.128571524,0.046390698,0.004970837
meghalaya,269,0.393737603,0.355532517,0.135656755,0.077807807,0.037265318
assam,270,0.434658244,0.313074153,0.1559075,0.07748552,0.018874583
assam,271,0.432370844,0.377319564,0.130806707,0.044306856,0.015196029
assam,272,0.452926661,0.315084545,0.123076857,0.105962629,0.002949308
assam,273,0.507998543,0.355375864,0.079922411,0.042285236,0.014417946
assam,274,0.313190334,0.391171429,0.235179842,0.040692494,0.019765901
assam,275,0.542467412,0.316437666,0.112160846,0.025767407,0.003166669
assam,276,0.407159408,0.297566382,0.153565232,0.073290381,0.068418597
assam,277,0.349838747,0.3014834,0.15610462,0.131990521,0.060582712
assam,278,0.419463976,0.348107906,0.153040304,0.075482987,0.003904828
assam,279,0.373868662,0.285443326,0.21955207,0.107776128,0.013359813
assam,280,0.509346174,0.315510129,0.120054285,0.040439215,0.014650198
assam,281,0.554411667,0.316513556,0.084553471,0.042314275,0.002207032
assam,282,0.588402599,0.263482802,0.104780725,0.038781843,0.004552031
assam,283,0.392523386,0.325181068,0.180398144,0.078956395,0.022941007
assam,284,0.481852414,0.310882757,0.159104957,0.037562131,0.010597741
assam,285,0.298135605,0.314758369,0.199386556,0.116732702,0.070986769
assam,286,0.104201656,0.186879818,0.253777759,0.272144099,0.182996669
assam,287,0.306903743,0.369070782,0.20976413,0.102383287,0.011878058
assam,288,0.4071188,0.391420626,0.14664775,0.045115924,0.009696901
assam,289,0.560318292,0.270404437,0.0963656,0.056708743,0.016202928
assam,290,0.495180266,0.377178327,0.096483251,0.027279707,0.003878449
west bengal,291,0.181140463,0.279878239,0.311959625,0.155286801,0.071734872
west bengal,292,0.301996479,0.320372626,0.24170071,0.098150089,0.037780095
west bengal,293,0.326512853,0.47053966,0.150143645,0.033879575,0.018924267
west bengal,294,0.492095109,0.308564043,0.124378838,0.048538934,0.026423076
west bengal,295,0.468610839,0.32492751,0.111653184,0.071924539,0.022883928
west bengal,296,0.356696102,0.370583656,0.175900652,0.086396144,0.010423446
west bengal,297,0.379400581,0.366167727,0.197116605,0.054642616,0.002672472
west bengal,298,0.534509415,0.287276078,0.090615334,0.060431344,0.02716783
west bengal,299,0.357118946,0.29392951,0.165961856,0.120845976,0.062143711
west bengal,300,0.166728323,0.250843619,0.290899923,0.168230222,0.123297915
west bengal,301,0.230952789,0.253605022,0.212603809,0.265932042,0.036906337
west bengal,302,0.61970534,0.193550692,0.114906953,0.056506345,0.015330669
west bengal,303,0.654823202,0.144757526,0.113303388,0.075378736,0.011737149
west bengal,304,0.175070838,0.197440252,0.272171481,0.204600174,0.150717255
west bengal,305,0.043392412,0.118388236,0.233112105,0.382245598,0.222861649
west bengal,306,0.342704627,0.368930124,0.19152885,0.078067882,0.018768518
west bengal,307,0.603970812,0.186394007,0.094144297,0.094003323,0.021487562
west bengal,308,0.461807818,0.330219492,0.173285067,0.021683796,0.013003829
jharkhand,309,0.668158205,0.231678336,0.041885144,0.030023468,0.028254848
jharkhand,310,0.645721729,0.182556897,0.100792838,0.052732376,0.018196159
jharkhand,311,0.239873487,0.363966135,0.251266082,0.128094342,0.016799953
jharkhand,312,0.39121264,0.299835234,0.200714645,0.085508048,0.022729433
jharkhand,313,0.54785598,0.28049716,0.1074716,0.046376362,0.017798899
jharkhand,314,0.57609737,0.256447115,0.109170116,0.047936678,0.010348722
jharkhand,315,0.677895122,0.230490671,0.056137012,0.024254519,0.011222677
jharkhand,316,0.677352797,0.227147269,0.075651379,0.007198815,0.012649739
jharkhand,317,0.224332873,0.257269029,0.209475915,0.203814131,0.105108052
jharkhand,318,0.282175508,0.229113312,0.216765582,0.151212959,0.120732639
jharkhand,319,0.509079939,0.263914348,0.147655782,0.041164315,0.038185616
jharkhand,320,0.338234993,0.167430004,0.102608545,0.183479733,0.208246725
jharkhand,321,0.583710826,0.209175878,0.114489801,0.060173302,0.032450193
jharkhand,322,0.762818592,0.157078814,0.054719131,0.016052308,0.009331155
jharkhand,323,0.305618111,0.284199451,0.25681922,0.120225414,0.033137804
jharkhand,324,0.270849864,0.303871265,0.224378518,0.162497129,0.038403223
jharkhand,325,0.762813464,0.123032849,0.061328374,0.035415491,0.017409823
jharkhand,326,0.610036327,0.208019202,0.107322221,0.049968408,0.024653842
jharkhand,327,0.278001195,0.246720018,0.17368104,0.206419677,0.09517807
jharkhand,328,0.743095434,0.137218419,0.050542161,0.052506186,0.016637799
jharkhand,329,0.747348613,0.142134755,0.071173542,0.029317197,0.010025892
jharkhand,330,0.813873841,0.109413967,0.030383229,0.020418983,0.02590998
jharkhand,331,0.878534069,0.075758274,0.021000691,0.014358387,0.010348578
jharkhand,332,0.529692216,0.231636579,0.130351136,0.080086775,0.028233294
odisha,333,0.298556032,0.273684285,0.223015101,0.14896719,0.055777393
odisha,334,0.183591406,0.287744977,0.223011922,0.175192795,0.1304589
odisha,335,0.351603235,0.300015212,0.142538696,0.132295368,0.073547488
odisha,336,0.529077198,0.240263922,0.130065295,0.07608691,0.024506675
odisha,337,0.506924862,0.195415625,0.091730804,0.084953149,0.120975559
odisha,338,0.59978956,0.149606692,0.11602775,0.065656083,0.068919915
odisha,339,0.729101757,0.151768005,0.05703444,0.035149398,0.0269464
odisha,340,0.336843476,0.317308491,0.18576197,0.104431557,0.055654507
odisha,341,0.40681223,0.243778948,0.218109605,0.083472911,0.047826305
odisha,342,0.292924059,0.292617369,0.181132911,0.181987459,0.051338203
odisha,343,0.172289362,0.309805494,0.251421171,0.221884985,0.044598988
odisha,344,0.113197266,0.257369975,0.283829549,0.241443552,0.104159657
odisha,345,0.305007904,0.266006569,0.225367629,0.163571153,0.040046744
odisha,346,0.404970957,0.185743203,0.233421067,0.121276793,0.054587981
odisha,347,0.308194339,0.249639991,0.225452414,0.138159998,0.078553258
odisha,348,0.232001192,0.259697451,0.266486894,0.144055868,0.097758596
odisha,349,0.099424167,0.224621971,0.277967937,0.178145906,0.21984002
odisha,350,0.121888767,0.257822507,0.306470083,0.20379927,0.110019373
odisha,351,0.115983347,0.240173857,0.238005402,0.256232471,0.149604923
odisha,352,0.436977206,0.28851264,0.17978638,0.060516934,0.03420684
odisha,353,0.534505334,0.295145765,0.095016196,0.054096308,0.021236397
odisha,354,0.395814823,0.240094746,0.192212203,0.1400762,0.031802027
odisha,355,0.193481089,0.280765685,0.25775474,0.213782702,0.054215783
odisha,356,0.271249494,0.321612518,0.215155718,0.128377612,0.063604658
odisha,357,0.47538675,0.297919231,0.122422533,0.06599766,0.038273826
odisha,358,0.404589848,0.347633952,0.135636166,0.095285761,0.016854273
odisha,359,0.548561162,0.245060084,0.109510821,0.051316447,0.045551486
odisha,360,0.661553466,0.209072111,0.075223957,0.043153116,0.010997349
odisha,361,0.608048175,0.222543081,0.089432517,0.042048212,0.037928016
odisha,362,0.725769089,0.163666677,0.062805161,0.03219084,0.015568234
chhattisgarh,363,0.533617343,0.16637195,0.114604263,0.092052999,0.093353445
chhattisgarh,364,0.644965083,0.229580322,0.064185757,0.031367944,0.029900893
chhattisgarh,365,0.308534505,0.283736824,0.236219051,0.111150563,0.060359056
chhattisgarh,366,0.42451812,0.192440678,0.139143559,0.161784261,0.082113382
chhattisgarh,367,0.177224685,0.361950695,0.202543029,0.184897055,0.073384536
chhattisgarh,368,0.256616947,0.265545151,0.236259545,0.208701511,0.032876846
chhattisgarh,369,0.159935404,0.276520568,0.3142204,0.187991678,0.061331948
chhattisgarh,370,0.229921222,0.356580184,0.236576545,0.140147712,0.036774337
chhattisgarh,371,0.16391676,0.183226413,0.254708205,0.308140437,0.090008185
chhattisgarh,372,0.360977505,0.323998542,0.132387701,0.112047755,0.070588497
chhattisgarh,373,0.660898554,0.102492007,0.121773018,0.10044326,0.014393161
chhattisgarh,374,0.757400653,0.12943359,0.067484559,0.04299156,0.002689638
madhya pradesh,375,0.523522749,0.233648656,0.137501183,0.084805831,0.020521581
madhya pradesh,376,0.172747685,0.325977612,0.201546231,0.19681446,0.102914012
madhya pradesh,377,0.130747543,0.298300727,0.287305639,0.156630933,0.127015158
madhya pradesh,378,0.074961126,0.12549582,0.18145424,0.282395537,0.335693276
madhya pradesh,379,0.18717279,0.309068884,0.227243349,0.194245352,0.082269626
madhya pradesh,380,0.325853492,0.28268716,0.206841193,0.076361434,0.108256721
madhya pradesh,381,0.22444431,0.268034488,0.274493615,0.140069653,0.092957934
madhya pradesh,382,0.382985387,0.243876762,0.1258559,0.140047657,0.107234293
madhya pradesh,383,0.552346807,0.216632605,0.121789538,0.066744759,0.042486292
madhya pradesh,384,0.368485393,0.25075023,0.173780749,0.123811732,0.083171896
madhya pradesh,385,0.482484956,0.248670801,0.119387292,0.091631198,0.057825753
madhya pradesh,386,0.524170166,0.143091254,0.122061387,0.082995991,0.127681202
madhya pradesh,387,0.612805172,0.163683539,0.103024923,0.076068984,0.044417382
madhya pradesh,388,0.568222453,0.207402199,0.07112872,0.064259554,0.088987073
madhya pradesh,389,0.138292718,0.247230921,0.140390728,0.306189149,0.167896484
madhya pradesh,390,0.152764236,0.279518655,0.302223434,0.168030042,0.097463634
madhya pradesh,391,0.320189012,0.145105708,0.178618537,0.167507051,0.188579691
madhya pradesh,392,0.11649603,0.263654589,0.196233417,0.246107715,0.177508249
madhya pradesh,393,0.186173788,0.270614629,0.253749373,0.165817852,0.123644358
madhya pradesh,394,0.351846472,0.180199996,0.187638158,0.138471194,0.141844181
madhya pradesh,395,0.039099071,0.069631738,0.233828906,0.273595461,0.383844825
madhya pradesh,396,0.220398638,0.167901128,0.180843571,0.203220687,0.227635976
madhya pradesh,397,0.469904861,0.184968187,0.142860548,0.105335856,0.096930548
madhya pradesh,398,0.415052926,0.281613433,0.140517726,0.082639041,0.080176875
madhya pradesh,399,0.295831761,0.305444531,0.162910993,0.148206246,0.087606469
madhya pradesh,400,0.058929674,0.114446438,0.243905543,0.309056033,0.273662313
madhya pradesh,401,0.242197744,0.288619067,0.249303638,0.119726489,0.100153062
madhya pradesh,402,0.263635278,0.347207014,0.157577826,0.131667698,0.099912183
madhya pradesh,403,0.534682348,0.176120055,0.109062675,0.099903783,0.080231138
madhya pradesh,404,0.289049011,0.237612022,0.159655814,0.171819063,0.14186409
madhya pradesh,405,0.278633067,0.253010865,0.225767302,0.118147547,0.124441218
madhya pradesh,406,0.495815911,0.224244254,0.138440239,0.073753243,0.067746353
madhya pradesh,407,0.245973871,0.367529476,0.238197773,0.087950106,0.060348774
madhya pradesh,408,0.330843149,0.25334866,0.142516238,0.153767392,0.119524562
madhya pradesh,409,0.728882374,0.153497409,0.056524669,0.031841837,0.029253711
madhya pradesh,410,0.558142862,0.182268802,0.098716565,0.061746891,0.09912488
madhya pradesh,411,0.416796868,0.190765005,0.149372178,0.109634205,0.133431744
madhya pradesh,412,0.527647049,0.219109492,0.090422967,0.062727829,0.100092662
madhya pradesh,413,0.311759128,0.428750052,0.167344539,0.076174005,0.015972275
madhya pradesh,414,0.37334409,0.216075258,0.183656375,0.145093061,0.081831215
madhya pradesh,415,0.36541528,0.306897893,0.148899692,0.100681177,0.078105957
madhya pradesh,416,0.513271738,0.256398991,0.130023716,0.069569458,0.030736096
madhya pradesh,417,0.488906682,0.23333557,0.147394156,0.080242951,0.050120641
madhya pradesh,418,0.604704556,0.184907669,0.075684333,0.091534779,0.043168663
madhya pradesh,419,0.564869584,0.17888359,0.110053911,0.101333249,0.044859667
madhya pradesh,420,0.65532609,0.216823418,0.051440409,0.064274725,0.012135357
madhya pradesh,421,0.575129504,0.301182111,0.041193721,0.027514489,0.054980174
madhya pradesh,422,0.290370805,0.225384461,0.241052265,0.14365456,0.09953791
madhya pradesh,423,0.235218589,0.15817894,0.249089272,0.26131448,0.096198719
gujarat,424,0.04221131,0.174383334,0.248882615,0.331386582,0.20313616
gujarat,425,0.312568986,0.248522982,0.225978806,0.15886258,0.054066646
gujarat,426,0.092169216,0.329404876,0.278629222,0.191182546,0.10861414
gujarat,427,0.108809677,0.269347022,0.256548509,0.230939211,0.13435558
gujarat,428,0.062904494,0.157375079,0.217682459,0.254169162,0.307868806
gujarat,429,0.014001616,0.111340403,0.298243368,0.29384527,0.282569344
gujarat,430,0.048080471,0.185757484,0.310324696,0.276133861,0.179703488
gujarat,431,0.083769596,0.255703911,0.21860446,0.263263234,0.178658799
gujarat,432,0.5645079,0.288188755,0.076937522,0.045708695,0.024657128
gujarat,433,0.40626993,0.296672517,0.138159801,0.115785658,0.043112094
gujarat,434,0.112310318,0.131500373,0.301078361,0.215827053,0.239283896
gujarat,435,0.443069406,0.360128205,0.109475095,0.057039107,0.030288187
gujarat,436,0.054994721,0.248705863,0.281885113,0.251452293,0.16296201
gujarat,437,0.116821616,0.189039565,0.298945199,0.272026525,0.123167094
gujarat,438,0.03959232,0.059781347,0.14249541,0.300492104,0.45763882
gujarat,439,0.283966394,0.383348064,0.171981688,0.075573957,0.085129897
dadra & nagar haveli and daman & diu,440,0.00393171,0.046782659,0.118966139,0.322205576,0.508113917
dadra & nagar haveli and daman & diu,441,0.011459159,0.11770384,0.285440405,0.411545238,0.173851357
dadra & nagar haveli and daman & diu,442,0.175006581,0.315548787,0.253668327,0.18184742,0.073928885
maharashtra,443,0.519338716,0.195085792,0.121380398,0.107515278,0.056679816
maharashtra,444,0.259344154,0.249813266,0.138373072,0.201065809,0.1514037
maharashtra,445,0.134124292,0.147189832,0.269156468,0.291664098,0.15786531
maharashtra,446,0.148718094,0.210939458,0.279719559,0.240864935,0.119757954
maharashtra,447,0.068501209,0.135422542,0.241332106,0.359176083,0.19556806
maharashtra,448,0.152417757,0.261194104,0.315427985,0.198590613,0.07236954
maharashtra,449,0.166166983,0.152225478,0.209183989,0.32807746,0.14434609
maharashtra,450,0.058262426,0.134137495,0.228145788,0.425611571,0.15384272
maharashtra,451,0.009581997,0.040370334,0.156176806,0.292490086,0.501380778
maharashtra,452,0.040180014,0.284506335,0.29869953,0.267635891,0.108978231
maharashtra,453,0.079108472,0.238749282,0.353968929,0.239043555,0.089129762
maharashtra,454,0.247671088,0.270550966,0.254019122,0.179251346,0.048507479
maharashtra,455,0.079979595,0.20614732,0.263565609,0.238921332,0.211386144
maharashtra,456,0.189732042,0.188613199,0.26484007,0.224340366,0.132474323
maharashtra,457,0.124464233,0.246990727,0.31893802,0.227950735,0.081656285
maharashtra,458,0.116646356,0.274803798,0.311057617,0.207128511,0.090363718
maharashtra,459,0.117700943,0.268966653,0.325127191,0.201159238,0.087045975
maharashtra,460,0.106203034,0.251774052,0.331025037,0.219983077,0.0910148
maharashtra,461,0.075152187,0.200618957,0.210146615,0.337033497,0.177048744
maharashtra,462,0.137129243,0.195486626,0.212423294,0.28168623,0.173274607
maharashtra,463,0,0.034722474,0.196666627,0.315673642,0.452937257
maharashtra,464,0.016495561,0.046569235,0.181527433,0.301176227,0.454231543
maharashtra,465,0.07568341,0.155718354,0.203496799,0.326303317,0.23879812
maharashtra,466,0.027153673,0.123850074,0.150264059,0.306728356,0.392003838
maharashtra,467,0.05695832,0.189888321,0.284320987,0.268469455,0.200362917
maharashtra,468,0.154420121,0.23661874,0.288151328,0.218438404,0.102371407
maharashtra,469,0.060036413,0.195316692,0.294444259,0.324210757,0.12599188
maharashtra,470,0.064187454,0.215403461,0.301832502,0.323923708,0.094652876
maharashtra,471,0.087530248,0.212658841,0.380365909,0.236579762,0.08286524
maharashtra,472,0.031242663,0.209651689,0.259871214,0.31271382,0.186520614
maharashtra,473,0.080879864,0.352484942,0.229715626,0.179247455,0.157672113
maharashtra,474,0.043208867,0.270901358,0.283723771,0.242657855,0.159508149
maharashtra,475,0.034667971,0.118192451,0.356363081,0.327880662,0.162895835
maharashtra,476,0.021342356,0.142643267,0.242811219,0.334154461,0.259048698
andhra pradesh,477,0.011704726,0.218442472,0.413937539,0.257240934,0.098674329
andhra pradesh,478,0.036759835,0.360706194,0.35276166,0.205954149,0.043818162
andhra pradesh,479,0.107588173,0.166029755,0.2240953,0.240136617,0.262150156
andhra pradesh,480,0.088642385,0.161354398,0.354042152,0.180709584,0.215251482
andhra pradesh,481,0.052272066,0.081125079,0.291757112,0.392785749,0.182059994
andhra pradesh,482,0.052626646,0.218307968,0.32656093,0.244385931,0.158118524
andhra pradesh,483,0.00952267,0.158664105,0.435339463,0.258690725,0.137783038
andhra pradesh,484,0.026823707,0.138732367,0.352496185,0.277627117,0.204320624
andhra pradesh,485,0.084612771,0.165721697,0.270885467,0.347958105,0.130821961
andhra pradesh,486,0.003689242,0.133359451,0.302106234,0.428639741,0.132205331
andhra pradesh,487,0.066387131,0.332010251,0.294078961,0.228532552,0.078991104
andhra pradesh,488,0.055608717,0.238751133,0.348487541,0.274667254,0.082485355
andhra pradesh,489,0.041531218,0.237850956,0.351102496,0.287733166,0.081782165
karnataka,490,0.086792282,0.259155375,0.285989563,0.278560243,0.089502537
karnataka,491,0.147462201,0.347968311,0.299204979,0.150844686,0.054519823
karnataka,492,0.155325114,0.324595377,0.320434905,0.147465468,0.052179136
karnataka,493,0.115587018,0.289538475,0.324576038,0.182929165,0.087369304
karnataka,494,0.16802579,0.319610396,0.292079681,0.145730408,0.074553724
karnataka,495,0.192991328,0.371666588,0.254964761,0.101344231,0.079033091
karnataka,496,0.171738983,0.263135326,0.284648582,0.1866154,0.093861709
karnataka,497,0.030465708,0.177079839,0.310213237,0.297035616,0.1852056
karnataka,498,0.059141233,0.162379265,0.378630794,0.295300573,0.104548136
karnataka,499,0.089834002,0.328770225,0.32242696,0.221045436,0.037923377
karnataka,500,0.103342045,0.281839024,0.318873172,0.205414633,0.090531126
karnataka,501,0.09196776,0.214306209,0.374847757,0.248034964,0.07084331
karnataka,502,0.059298258,0.186586288,0.321132277,0.309825552,0.123157624
karnataka,503,0.022277818,0.131744446,0.391377275,0.305114643,0.149485818
karnataka,504,0.010600078,0.136730261,0.293133737,0.36333926,0.196196663
karnataka,505,0.028495048,0.186200478,0.329299349,0.298573226,0.157431899
karnataka,506,0.020925024,0.154333031,0.400278995,0.32708889,0.097374061
karnataka,507,0.046425438,0,0.105270058,0.339370733,0.508933771
karnataka,508,0.011960003,0.082788554,0.453825444,0.363445777,0.087980222
karnataka,509,0.029615554,0.106016057,0.413813514,0.343772121,0.106782755
karnataka,510,0,0.068024692,0.216528076,0.462993283,0.252453949
karnataka,511,0.023420228,0.091733557,0.374121689,0.339533585,0.171190942
karnataka,512,0.007286922,0.089719569,0.367305114,0.298542915,0.23714548
karnataka,513,0.042435408,0.212708217,0.462767762,0.206969961,0.075118652
karnataka,514,0.124224415,0.313576981,0.282305016,0.181017473,0.098876115
karnataka,515,0.211175858,0.346093505,0.275460965,0.123490708,0.043778964
karnataka,516,0.013572077,0.09490188,0.281739922,0.438036859,0.171749262
karnataka,517,0.01496499,0.10818305,0.303180891,0.388889037,0.184782032
karnataka,518,0,0.070832723,0.276261456,0.50744777,0.145458051
karnataka,519,0.011268994,0.019566324,0.346559635,0.456099921,0.166505127
goa,520,0.02512701,0.060910705,0.11282094,0.287698903,0.513442441
goa,521,0.014784986,0.022905436,0.121196197,0.208769206,0.632344174
lakshadweep,522,0,0.012196765,0.127399134,0.456820464,0.403583637
kerala,523,0.009590793,0.035645625,0.155596915,0.457596166,0.341570501
kerala,524,0.00375096,0.016734954,0.112130098,0.376592229,0.490791759
kerala,525,0.057883345,0.116997055,0.238563672,0.317408297,0.269147631
kerala,526,0,0,0.065251355,0.461953781,0.472794865
kerala,527,0.002852001,0.015340515,0.216817402,0.431164886,0.333825196
kerala,528,0.005309426,0.095664655,0.304452379,0.369187499,0.225386042
kerala,529,0.008728792,0.013669446,0.12865524,0.347490502,0.50145602
kerala,530,0,0,0.04320403,0.335466976,0.621328994
kerala,531,0.054722167,0.100937581,0.252619672,0.365092737,0.226627844
kerala,532,0.012683879,0.032690024,0.148353826,0.342623365,0.463648906
kerala,533,0,0.020082232,0.13852764,0.478882244,0.362507885
kerala,534,0.008534648,0.06306772,0.203989908,0.51173266,0.212675064
kerala,535,0.040001061,0.034640228,0.160289301,0.317783248,0.447286162
kerala,536,0.006773586,0.032447835,0.161069494,0.302441104,0.497267981
tamil nadu,537,0.011457505,0.101590177,0.150739729,0.292538212,0.443674377
tamil nadu,538,0,0.003714662,0.054545494,0.214585154,0.727154689
tamil nadu,539,0,0.036875469,0.209625033,0.344660166,0.408839333
tamil nadu,540,0.00806808,0.102818103,0.314400275,0.384411034,0.190302508
tamil nadu,541,0.051666819,0.198551345,0.294448379,0.306664074,0.148669383
tamil nadu,542,0.055863713,0.182495706,0.405469489,0.285174948,0.070996145
tamil nadu,543,0.032021407,0.105456214,0.292367725,0.410722992,0.159431663
tamil nadu,544,0.015048495,0.102403496,0.318934838,0.381641667,0.181971504
tamil nadu,545,0.003981382,0.071150679,0.302689911,0.363869711,0.258308317
tamil nadu,546,0.011894325,0.092701997,0.363940694,0.404483302,0.126979681
tamil nadu,547,0.098357956,0.225550211,0.305201442,0.240990231,0.12990016
tamil nadu,548,0.045202928,0.180357908,0.429365808,0.231783219,0.113290137
tamil nadu,549,0.04328355,0.197984431,0.348994757,0.305030399,0.104706862
tamil nadu,550,0.024751009,0.181554515,0.340089162,0.280168209,0.173437105
tamil nadu,551,0.080225589,0.261822136,0.362815679,0.238354726,0.05678187
tamil nadu,552,0.062488085,0.17966089,0.291849237,0.281676312,0.184325477
tamil nadu,553,0.064347245,0.254245308,0.267129595,0.269387368,0.144890485
tamil nadu,554,0.063430975,0.212698127,0.342953067,0.210721082,0.170196749
tamil nadu,555,0.071592462,0.104027526,0.233073343,0.394554097,0.196752572
tamil nadu,556,0.074838818,0.29505958,0.297121652,0.214993099,0.11798685
tamil nadu,557,0.022859806,0.119900885,0.442061299,0.297576761,0.117601249
tamil nadu,558,0.004215835,0.059513723,0.211792779,0.441160279,0.283317383
tamil nadu,559,0.0227277,0.087865801,0.325804681,0.361961672,0.201640145
tamil nadu,560,0.037790259,0.170135458,0.280261497,0.320240971,0.191571815
tamil nadu,561,0.017850771,0.185239081,0.323483446,0.354278931,0.119147772
tamil nadu,562,0,0.092606896,0.30221114,0.378104229,0.227077735
tamil nadu,563,0.00822313,0.069840889,0.360146347,0.426155736,0.135633897
tamil nadu,564,0,0.023672212,0.158315753,0.493859155,0.32415288
tamil nadu,565,0.026155854,0.162226332,0.420905574,0.310783798,0.079928442
tamil nadu,566,0.022722488,0.125406415,0.360189948,0.33139646,0.160284689
tamil nadu,567,0.006973253,0.146721992,0.304808559,0.221575369,0.319920827
tamil nadu,568,0,0.0766293,0.333036423,0.279091533,0.311242744
puducherry,569,0,0.066979731,0.084819399,0.499551986,0.348648884
puducherry,570,0.005485951,0.071177103,0.081629133,0.362281777,0.479426036
puducherry,571,0,0,0.005394154,0.14410631,0.850499536
puducherry,572,0.041955276,0.090026939,0.187090934,0.299279301,0.381647549
andaman & nicobar islands,573,0.166435424,0.3114936,0.339267837,0.171873844,0.010929294
andaman & nicobar islands,574,0.212409789,0.276270776,0.261627341,0.16823292,0.081459174
andaman & nicobar islands,575,0.035886778,0.091238908,0.236347771,0.400612128,0.235914415
arunachal pradesh,576,0.169025689,0.267574332,0.249003234,0.227534775,0.086861969
arunachal pradesh,577,0.104377903,0.41721582,0.349228791,0.104102487,0.025074999
arunachal pradesh,578,0.218941736,0.523693066,0.219065948,0.038299251,0
arunachal pradesh,579,0.235302329,0.305706147,0.238482789,0.165686374,0.054822362
arunachal pradesh,580,0.522042546,0.285534977,0.11279082,0.079631657,0
arunachal pradesh,581,0.500815768,0.317047145,0.133017728,0.037502713,0.011616647
arunachal pradesh,582,0.212607925,0.525476339,0.180020079,0.053808735,0.028086922
arunachal pradesh,583,0.289742646,0.351817122,0.214516594,0.124228955,0.019694683
arunachal pradesh,584,0.204138922,0.303526333,0.25771708,0.149326053,0.085291611
assam,585,0.437553678,0.400973305,0.099767236,0.061705781,0
assam,586,0.516877646,0.289069357,0.129982549,0.03663627,0.027434178
assam,587,0.473885356,0.367848749,0.125629844,0.0247706,0.007865451
assam,588,0.322851339,0.342545467,0.193699857,0.113913439,0.026989898
assam,589,0.285867767,0.333365337,0.178650885,0.134801644,0.067314367
assam,590,0.470907584,0.289887276,0.133280226,0.079973596,0.025951319
assam,591,0.536373989,0.310939229,0.106930668,0.031460279,0.014295835
assam,592,0.495573819,0.312418575,0.106878931,0.073056581,0.012072095
assam,593,0.301603679,0.278802429,0.21099847,0.14153313,0.067062292
assam,594,0.433411384,0.316252191,0.136502308,0.099527835,0.014306281
assam,595,0.566450595,0.329184093,0.086444949,0.017920363,0
assam,596,0.636653482,0.274972792,0.063516174,0.016529738,0.008327815
chhattisgarh,597,0.168754911,0.27444711,0.190035275,0.283122411,0.083640293
chhattisgarh,598,0.188929803,0.355222656,0.278811948,0.12706836,0.049967234
chhattisgarh,599,0.662852831,0.185061513,0.079597679,0.027522315,0.044965661
chhattisgarh,600,0.630753077,0.150280118,0.089188798,0.083205361,0.046572646
chhattisgarh,601,0.183630616,0.314226404,0.2448784,0.201150672,0.056113907
chhattisgarh,602,0.237764215,0.290945251,0.204719246,0.087538306,0.179032983
chhattisgarh,603,0.593961218,0.143158513,0.137393347,0.093011405,0.032475517
chhattisgarh,604,0.027255179,0.151541888,0.202630882,0.254401701,0.36417035
chhattisgarh,605,0.351306292,0.292443396,0.183374017,0.122944431,0.049931863
chhattisgarh,606,0.588797381,0.236117103,0.096139534,0.049235163,0.029710819
chhattisgarh,607,0.255091543,0.359756056,0.193072088,0.103812707,0.088267606
chhattisgarh,608,0.090541754,0.133179709,0.240674645,0.295023883,0.24058001
chhattisgarh,609,0.816608862,0.109812784,0.058200946,0.013562465,0.001814943
chhattisgarh,610,0.530020717,0.275657379,0.109150623,0.032708515,0.052462767
chhattisgarh,611,0.608695773,0.186846569,0.096675304,0.041707063,0.066075291
delhi,612,0.009005471,0.067286119,0.086335987,0.293537951,0.543834472
delhi,613,0,0.059921845,0.114918155,0.201342808,0.623817192
delhi,614,0,0.034237872,0.185299092,0.265536805,0.514926232
delhi,615,0.002925797,0.107621386,0.203854283,0.288713804,0.396884729
delhi,616,0,0.020768842,0.093851785,0.206010999,0.679368375
delhi,617,0,0.020075243,0.120588251,0.279228333,0.580108173
delhi,618,0,0.01246968,0.09841654,0.278337191,0.61077659
delhi,619,0.021171374,0.008667641,0.041175213,0.19243606,0.736549713
delhi,620,0,0.048043858,0.1036232,0.272490322,0.57584262
delhi,621,0.003768855,0.025096228,0.184719746,0.091897014,0.694518156
delhi,622,0.00355628,0.056299943,0.152444032,0.260165297,0.527534448
gujarat,623,0.042077124,0.064810907,0.108876728,0.307673194,0.476562047
gujarat,624,0.385347873,0.215151277,0.194483595,0.148729997,0.056287259
gujarat,625,0.099772377,0.216257253,0.179099994,0.283634507,0.221235869
gujarat,626,0.036303012,0.185317723,0.263876936,0.297912024,0.216590304
gujarat,627,0.390508767,0.262256129,0.191590029,0.119510514,0.036134561
gujarat,628,0.045062484,0.20797552,0.26013756,0.317646432,0.169178004
gujarat,629,0.062283472,0.208856477,0.303139243,0.285473507,0.140247301
gujarat,630,0.029430153,0.092443848,0.278223188,0.337995704,0.261907107
gujarat,631,0.100784852,0.116135925,0.291376319,0.312935447,0.178767458
gujarat,632,0.190998008,0.306805405,0.295844683,0.127750719,0.078601185
gujarat,633,0.405033171,0.319000253,0.143373826,0.075307115,0.057285635
gujarat,634,0.032417175,0.138829567,0.202675719,0.325985621,0.300091918
gujarat,635,0.225309655,0.309760585,0.192571227,0.154458997,0.117899536
gujarat,636,0.017868807,0.098622499,0.187669301,0.306457877,0.389381517
gujarat,637,0.340018442,0.187136039,0.143176578,0.182330261,0.14733868
gujarat,638,0.043499651,0.273134133,0.35476772,0.251100973,0.077497523
gujarat,639,0.131580844,0.103512167,0.179063725,0.16379262,0.422050643
haryana,640,0.002771936,0.085623211,0.146752487,0.378973277,0.385879089
haryana,641,0.006711966,0.060525139,0.16119886,0.349491693,0.422072342
madhya pradesh,642,0.193286999,0.273456627,0.25300202,0.194249947,0.086004408
madhya pradesh,643,0.221475879,0.28874533,0.189713132,0.197765099,0.102300561
maharashtra,644,0.284085262,0.218917193,0.085728444,0.134789297,0.276479805
maharashtra,645,0.012519657,0.137044705,0.139644626,0.32710174,0.383689272
meghalaya,646,0.417232878,0.358201174,0.146009549,0.065367514,0.013188885
meghalaya,647,0.461906717,0.349101801,0.119121337,0.063093635,0.006776509
meghalaya,648,0.45727693,0.395527547,0.10951776,0.033530866,0.004146897
meghalaya,649,0.450821682,0.307101874,0.185153706,0.054205294,0.002717444
meghalaya,650,0.432879698,0.400356106,0.149198922,0.014315155,0.003250118
meghalaya,651,0.201129959,0.297068574,0.350147161,0.117930013,0.033724293
meghalaya,652,0.579665803,0.263654976,0.114024887,0.029604657,0.013049675
meghalaya,653,0.593208076,0.326478157,0.063957009,0.016356758,0
punjab,654,0.080069047,0.134469616,0.163092911,0.251961702,0.370406723
punjab,655,0.031479833,0.080296633,0.17145877,0.192814743,0.523950022
punjab,656,0.024279452,0.051698994,0.079985225,0.226624415,0.617411914
punjab,657,0.008417891,0.031291365,0.112567576,0.25098394,0.596739228
telangana,658,0.194304789,0.262225156,0.17045741,0.246797159,0.126215487
telangana,659,0.068198441,0.207329304,0.240399753,0.316782141,0.167290362
telangana,660,0.004624447,0.034996538,0.126282703,0.209280537,0.624815776
telangana,661,0.025453936,0.095136065,0.373440142,0.337031964,0.168937893
telangana,662,0.017341924,0.096709238,0.431620585,0.343671284,0.110656969
telangana,663,0.145167073,0.226066655,0.320890389,0.229024905,0.078850978
telangana,664,0.020171338,0.309013311,0.425160027,0.198078607,0.047576717
telangana,665,0.125823234,0.269084388,0.34044657,0.163102795,0.101543013
telangana,666,0.022070512,0.059046713,0.29614548,0.390138392,0.232598902
telangana,667,0.034196957,0.165602438,0.241853579,0.37364483,0.184702196
telangana,668,0.239490493,0.334532756,0.282615622,0.113414815,0.029946313
telangana,669,0.027847918,0.2637848,0.369696298,0.27688536,0.061785624
telangana,670,0.04620611,0.205273674,0.331937572,0.284860403,0.131722241
telangana,671,0.024421235,0.232357615,0.268067627,0.408010137,0.067143387
telangana,672,0.08558232,0.376478995,0.345297799,0.141642249,0.050998637
telangana,673,0.005852349,0.032817659,0.161759769,0.337344286,0.462225937
telangana,674,0.052201368,0.1759632,0.428973048,0.2521406,0.090721784
telangana,675,0.005079185,0.133422066,0.350051726,0.314027941,0.197419082
telangana,676,0.05412177,0.248170624,0.312159181,0.256484498,0.129063928
telangana,677,0.041469246,0.162428776,0.319817533,0.377272063,0.099012382
telangana,678,0.007257221,0.080301574,0.298095342,0.383159216,0.231186648
telangana,679,0.013472349,0.143499473,0.36318615,0.351204958,0.12863707
telangana,680,0.033462585,0.05851181,0.20180438,0.3016763,0.404544924
telangana,681,0.06420203,0.28815204,0.367418334,0.204318003,0.075909594
telangana,682,0.006682429,0.176952317,0.378642574,0.33068064,0.107042039
telangana,683,0.04326739,0.146259669,0.333547719,0.387684705,0.089240517
telangana,684,0.085105734,0.219703513,0.416552011,0.229776334,0.048862408
telangana,685,0.015114667,0.201168696,0.432289803,0.295548649,0.055878184
telangana,686,0.042339045,0.295122389,0.383010444,0.237460772,0.04206735
telangana,687,0.044103058,0.042950699,0.149117214,0.449843338,0.313985689
telangana,688,0,0.109443309,0.348679626,0.428191925,0.11368514
tripura,689,0.298828743,0.339657625,0.260003757,0.083451798,0.018058077
tripura,690,0.454960756,0.311608686,0.17933923,0.050181258,0.00391007
tripura,691,0.383634266,0.30760225,0.201027994,0.093357713,0.014377777
tripura,692,0.232277124,0.44443639,0.20235653,0.110747524,0.010182432
tripura,693,0.517284026,0.286110712,0.141778065,0.044851576,0.009975622
tripura,694,0.503869255,0.326634303,0.140347978,0.029148465,0
tripura,695,0.150153677,0.303994486,0.300670191,0.207063309,0.038118337
uttar pradesh,696,0.341029879,0.334520051,0.128981845,0.159231383,0.036236842
uttar pradesh,697,0.355882609,0.315262646,0.142737357,0.105822684,0.080294704
uttar pradesh,698,0.001865195,0.046499513,0.072723461,0.265819842,0.613091989
uttar pradesh,699,0.033830894,0.117207518,0.182579007,0.241506026,0.424876556
uttar pradesh,700,0.122591329,0.223529827,0.189564483,0.252982561,0.2113318
uttar pradesh,701,0.047641369,0.13833394,0.201527768,0.258424459,0.354072465
uttar pradesh,702,0.37997064,0.309561421,0.164076455,0.103311552,0.043079931
uttar pradesh,703,0.228522108,0.296249355,0.205918078,0.131760062,0.137550398
uttar pradesh,704,0.050262007,0.176870175,0.259233147,0.230562062,0.283072608
uttar pradesh,705,0.345116184,0.28472152,0.142299923,0.13803272,0.089829653
west bengal,706,0.209880967,0.226301482,0.246938793,0.198219287,0.11865947
west bengal,707,0.401638485,0.261521852,0.205511411,0.097198495,0.034129758
